Elapsed (s),raw,delta,theta,alpha,beta,gamma
0.0,21292.919968714712,-6.193938961729373e-08,-1.4289280869661525e-10,-1.872635380095744e-11,-1.688249540165998e-11,1.8189894035458565e-12
0.0,-49185.55011577012,-5.501939595965058,-8.114943606310277,-15.477509788232467,-627.4794598279426,-14335.726860474679
0.0,-49171.021481874166,-37.52454919145402,-54.69680986441385,-101.54155489089709,-3382.50572364702,-9064.713824953902
0.0,-49034.98876511917,-129.69852002980437,-185.83736415458367,-331.4463242967344,-8227.520388821351,29128.3093948006
0.0,-49160.69497593582,-314.57639231652115,-440.2999525458699,-742.3198305376101,-11846.784965591893,16535.12085166827
0.0,-49111.96817302325,-617.6666134255393,-838.866585715634,-1312.0326041956,-10254.194576573833,-9209.2859391606
0.0,-48983.75856682761,-1058.0113100803671,-1384.593423200589,-1965.5906784680594,-2341.403688674447,-4621.304504981601
0.0,-49001.17057575829,-1648.7269536760548,-2063.9304433929774,-2589.423179999112,9194.748574936584,-10950.974352679372
0.0,-48936.752848238095,-2397.565862282701,-2848.671548914057,-3051.2252262159377,19465.506869812678,-3918.8604679616856
0.0,-48895.379769251325,-3307.4826520838487,-3698.5639276342918,-3222.2893717631864,24101.494945992657,2662.80117189645
0.0,21504.456878239736,-4371.679307711344,-4556.261309636557,-2983.653466519052,21993.603775965945,15266.254557967895
0.0,21454.500729382125,-5564.136269823448,-5336.58494269901,-2220.073359818122,16046.943403895411,13198.832116146703
0.0,-50172.37963347192,-6848.614230368615,-5944.734262885446,-869.4853794214384,9084.297604163381,-43356.90047517267
0.0,-49971.54920954099,-8202.964283352052,-6317.059683867801,993.3104047216538,61.210528548564184,-26013.538200469397
0.0,21615.723862138257,-9616.999757364785,-6420.062220260813,3173.8834837583877,-11799.283232687478,52844.39647504338
0.0,20842.53231794028,-11068.343038047082,-6215.336022629534,5454.1442709615,-22114.744189488836,29091.563225097736
0.0,21615.880324349444,-12519.204309493562,-5656.67246970965,7624.47796111737,-25195.80591472076,-27681.089362156083
0.0,21145.33140007632,-13930.590785641027,-4713.51958698135,9462.676682096602,-20121.641861027703,-17489.34051634892
0.0,20749.9513924064,-15268.746933062746,-3381.6770525670468,10740.301914490521,-10851.934702440432,-4492.952298249306
0.0,20748.744398205807,-16505.051031958053,-1682.800502170665,11251.737950944405,-2594.4442501704066,117.84218532731666
0.0,21012.629093245163,-17615.71545552774,337.5750281790395,10842.863236041174,1434.6077604405214,9979.010022654493
0.0,21601.083469520032,-18581.326772971905,2613.2723839549294,9435.512557228521,1267.022817369409,4844.1981367793915
0.0,20745.36928479305,-19386.537026428057,5061.301489809727,7043.684913168488,-690.1624921358991,1514.4905388889965
0.0,20935.85085104118,-20019.96984523168,7585.9809181804,3779.2755941376904,-1616.4129917796827,-704.2021826458604
0.0,21511.564732976527,-20473.966605422156,10083.707154113594,-152.3631590911328,44.028728529021436,-2927.1638575798606
0.0,21435.09941519492,-20744.11192963175,12448.232301761247,-4466.576260440383,3986.4756783913754,-665.8651947229337
0.0,21725.76150009173,-20828.912286549083,14575.655938241865,-8823.023133294831,8521.573854229928,-1140.12525976087
0.0,20963.075275787745,-20729.64858510277,16368.899891702618,-12856.369195402052,11645.14492236498,240.86955609268034
0.0,21160.91056596167,-20450.225426892044,17741.76400284483,-16210.326891238814,12068.09027282963,760.3150055043216
0.0,-50027.87560556836,-20002.429002801673,18614.436207951956,-18586.774203507604,9090.720645151414,-14013.439631487416
0.0,-48538.64592774462,-19415.529431259074,18902.550405136157,-19799.571530075616,2208.5236579865914,-8243.41340780495
0.0,-48631.6291846787,-18732.85125509097,18526.227654067134,-19776.055478270486,-7076.942018593516,29177.17801307512
0.0,21552.602535796468,-17992.30491249406,17442.557948361264,-18502.451336221126,-13600.979180259485,30196.232906096164
0.0,-48533.99676489792,-17215.868171187285,15662.324677188175,-15997.876222952702,-11968.684256709732,-14956.375298679151
0.0,-48572.37471012768,-16422.875869563235,13228.604891820212,-12361.076477472656,-2737.048367437298,-42684.27781130827
0.0,-48545.77613422587,-15641.098590843547,10197.82398180404,-7802.067228980159,7639.1246171473695,1599.4317727204161
0.0,21225.283589992952,-14893.991572680206,6656.13368762473,-2591.901546781659,13737.020293569725,36101.338062916555
0.0,-49175.17890634286,-14190.09066614136,2730.9676908696347,2983.01606922105,14665.847420144246,-6939.651821227364
0.0,-48982.75273832712,-13536.218698263769,-1434.7221300075985,8595.383857481535,10962.43544440723,-30610.392378441727
0.0,-49148.58033044104,-12948.482827490512,-5704.8488553336,13865.826928905815,3106.007439287155,9753.203458102502
0.0,21384.025679114544,-12439.416754390211,-9936.20560379026,18430.652552297644,-5861.422653878758,33533.566467192824
0.0,20716.133203045512,-12001.844070948073,-13960.261373732694,22015.21927265552,-10480.017725691101,5759.087070984723
0.0,-48870.8375538394,-11617.641159532135,-17603.493044529878,24422.311954014873,-8460.970311141307,-40761.469516135905
0.0,-48933.48949354762,-11281.634198128017,-20729.8234248067,25473.2629761074,-4190.041281127995,-29889.831456797634
0.0,-49122.09351326151,-11004.979451910753,-23249.788553895483,25017.67292582232,-3645.065275193703,32347.00365585871
0.0,-49087.962399478245,-10801.389047555287,-25101.870922644775,22996.401178524233,-7822.517340189516,22645.208580560073
0.0,-49064.04603291107,-10680.960966261306,-26244.36874882646,19473.323979922036,-12770.100242060878,31.300751281811245
0.0,-49280.90265761646,-10650.482847450161,-26656.379972491817,14635.492557865051,-13655.7536752645,1848.8375457479924
0.0,-49109.62123985544,-10713.766939319628,-26338.140483996547,8781.19071333423,-8287.561298876279,-12784.74715568217
0.0,20773.91246246248,-10866.48915550404,-25302.571487078636,2312.653149206719,2352.8326734654847,9370.595978022197
0.0,20670.42388563441,-11086.543785127846,-23560.20844419539,-4271.136989279298,15609.843926048037,8032.961642267546
0.0,21478.64061339385,-11337.178194802791,-21123.940150320646,-10432.310668733027,27206.285067825975,-29216.26131889353
0.0,20705.739641873795,-11580.804890792084,-18029.643492929365,-15686.414234789303,31599.491708603196,-11795.457059679104
0.0,21190.19135119812,-11785.300753959003,-14344.30749276919,-19662.60454767638,25283.058112970026,9266.283189661102
0.0,20871.231957820888,-11923.774447373919,-10162.948378056386,-22129.326218154787,9627.873038352089,5731.068828627422
0.0,21501.48409622718,-11974.185821689463,-5604.171806221497,-23003.691701262152,-9624.529554008117,10782.279510923014
0.0,20961.04126704232,-11918.983758549082,-804.874706281338,-22345.646678619127,-25338.111281732112,2388.5853304046723
0.0,21063.63577409217,-11744.850797529483,4085.5218411760793,-20339.196057791785,-32380.348862816707,-2679.9559075529996
0.0,21063.63577409217,-11442.425534564847,8911.23928147416,-17263.40476702882,-29581.601815396334,-1489.88062228106
0.0,20522.947075718293,-11005.963836023006,13516.498517334749,-13456.903801501097,-19550.845650317362,-3780.7434447408887
0.0,20522.947075718293,-10433.052730412044,17751.636056355772,-9280.37538902023,-6880.138515434718,-92.99118413976066
0.0,21414.893438207324,-9724.199024788,21479.007249741408,-5080.447681335319,4114.342802779669,742.2481442768312
0.0,-50605.93642067152,-8887.897148151747,24570.18660064191,-1174.253311198573,10341.450856602994,-13722.794835741824
0.0,21414.893438207324,-7944.91808097081,26904.158060747766,2164.351457848846,10659.869853732947,6066.355139860581
0.0,21027.962389941506,-6915.02185091612,28391.41594898955,4764.004719529253,7887.699363003319,38505.93093795228
0.001,20570.82451234156,-5805.810039227017,28992.9778663367,6592.41965150619,7043.2696337773705,-12870.21723025649
0.001,20570.82451234156,-4620.352707608781,28708.936134419255,7719.128815226124,10056.821297891223,-26472.9556328827
0.001,20572.4561896868,-3363.5292393622994,27567.609224393887,8272.660775044991,14483.917189096048,4733.0688901958465
0.001,21549.92032646184,-2041.5719302825346,25624.032093631584,8414.647550576754,16346.782605893628,-6079.548767492524
0.001,-49864.28318789997,-667.2203225750455,22949.318381402445,8297.731934763004,12491.600544526345,-7258.6680903668275
0.001,-49877.51542061752,730.3146183913079,19612.85353271911,8016.629001658563,1781.9486988452675,-2883.534205391752
0.001,-49799.17255630167,2108.307964306208,15684.56576804529,7610.196864626526,-12945.963022120408,27431.693968731925
0.001,20653.145987170457,3430.0105314544967,11261.878568393304,7119.617772198016,-24165.489246115685,34519.741187521744
0.001,20578.044125800625,4680.914229420883,6490.023014839017,6631.894954794919,-23803.60954894789,-4152.622297118797
0.001,20578.044125800625,5865.433168820808,1550.594544808423,6255.446439846945,-10196.830438849312,-34337.40869512243
0.001,21572.96497499525,6992.887168182993,-3367.130229363583,6061.794579521083,9374.696916101266,-27478.167364434055
0.001,21319.675006827714,8071.230143631729,-8082.963361714619,6057.878450764289,23847.410464300432,4363.045943562
0.001,21319.675006827714,9107.12565744223,-12432.215377473027,6187.610532702896,25718.598387979146,8495.126844356648
0.001,21451.39383690284,10105.914956930506,-16271.308836517605,6342.32970074775,14812.395093635188,11478.795897865726
0.001,21451.39383690284,11071.73549642458,-19482.05524023453,6379.103271404425,-2661.3246652511248,8713.895313698249
0.001,-37877.06498826325,12003.043081809366,-21981.50969490704,6130.821799840205,-18739.6283176815,-14418.78292933072
0.001,-38078.76713022794,12884.26852113158,-23735.740887741777,5410.400461692696,-28381.181539904966,-9315.819956702995
0.001,-13601.84116385474,13690.246122102311,-24752.20857330504,4057.2148684436434,-29719.029831536092,25037.943154297787
0.001,-13742.232470778525,14401.323624589268,-25054.86248836249,2009.9085869619457,-22256.055794770127,15173.051438759512
0.001,-15649.640935616606,15007.379510477773,-24675.908169313017,-669.740214251399,-7671.509261611356,-17506.346444985553
0.001,-18584.939072720896,15502.215926912666,-23662.0732681328,-3818.156578517813,9237.93574576532,-10128.619394568646
0.001,-19221.38264434131,15880.73362782414,-22076.30981937516,-7195.029281080773,22496.456331435555,-4141.681597797116
0.001,-19221.38264434131,16139.157787014132,-19994.50635656068,-10508.047328963825,27966.681089440586,184.23066724415776
0.001,-17747.776835891826,16275.723842934403,-17501.286209099184,-13442.32381447885,25064.845893158308,6985.379499119785
0.001,-15202.784860466109,16291.257614880036,-14685.920522944713,-15692.961377070056,16448.778897166547,2307.471064531006
0.001,21451.39383690284,16192.170363480325,-11634.79199344174,-16990.148585051847,6548.443833372772,8659.239553031617
0.001,-15202.784860466109,15992.193663077916,-8426.25763862506,-17125.56907519911,-728.5925756719504,-4824.908255480799
0.001,20576.099524033016,15707.623630963493,-5135.7680484806915,-15991.97447857898,-4296.809980510134,-14961.161444034431
0.001,-35853.85213540222,15351.975631077381,-1841.9235822462254,-13612.509742102837,-5884.964684717336,-191.12453382195508
0.001,-35853.85213540222,14930.328746390762,1367.3587622012053,-10154.876322377724,-8327.527922588562,-8988.146617817985
0.001,20576.099524033016,14442.353484628804,4402.214610062842,-5902.926018680904,-12530.267985656445,25021.746600799765
0.001,-38598.80281672512,13893.473404063667,7190.211685744272,-1193.8185690419878,-15833.645021136792,16935.051583541488
0.001,20735.19924106589,13293.712699773841,9676.254874064698,3610.2640580379602,-15168.618534259147,-27505.192835905673
0.001,-37387.13710154738,12652.75989621719,11816.156837065068,8140.192036143844,-10024.04415963714,5578.6224489469905
0.001,-38868.32015136721,11975.552542624457,13570.786797737566,12040.363745499868,-2839.7014611268623,-17418.516547822823
0.001,-40442.508809865576,11258.009867808918,14900.580322206897,14989.536741082906,2630.880574032106,-553.7992383644578
0.001,21186.302147662896,10497.620478924948,15782.401540870316,16762.195484868625,5226.163233995415,42782.062777038875
0.001,20798.655843574503,9707.650705348879,16230.695902327678,17286.74347851112,7478.279439180545,-1956.3948149196303
0.001,-46642.88272176775,8909.452468853782,16284.040104846805,16619.488242474003,11010.390311771778,-35579.7186221816
0.001,-54634.3466203626,8110.163674859318,15969.490391884417,14865.927677981575,12827.325984310539,-28437.396803769683
0.001,-54624.020114424246,7298.89927827813,15296.057773415656,12159.836368033632,9056.40381860104,25818.485124765044
0.001,-54622.16491963446,6460.436773855703,14275.398832839946,8695.534705396449,404.361290458139,27991.107662495677
0.001,20817.319550194687,5588.624168993649,12941.619310130654,4751.883450925591,-7555.193199814111,14329.01612993967
0.001,-54630.47976857183,4691.5846236196285,11357.409313031392,679.9518001631684,-8885.738822632848,-4235.963195094555
0.001,21517.890276657377,3783.4818489560466,9598.80042072496,-3157.877121073562,-2727.450435947643,-37493.204216314116
0.001,21147.32070533284,2883.4147694599596,7750.259973689811,-6427.55640006947,6963.261923398418,16302.877632895783
0.001,20667.451103621854,2020.1002652498653,5908.122046366585,-8842.639985037842,15074.266689243157,-4143.335847291218
0.048,-55362.58880646096,1217.801001749388,4155.711500693498,-10232.629887272655,16357.867201619592,-38868.24127282248
0.048,20611.012948872205,484.7579101459365,2543.5495710737255,-10586.238725166184,7826.570130970028,27338.6773661224
0.048,-55355.704469168726,-178.38379496427885,1101.3152236055648,-10015.000116181258,-7477.598061554145,24221.09159793023
0.064,-55358.92312037029,-777.3682590487116,-160.12442159768577,-8725.803367069462,-22577.73624663189,-17864.8299066214
0.08,21086.9262918146,-1323.2094956900492,-1246.0102159233063,-6985.091623016944,-30646.91604496655,25093.795641383436
0.128,21518.73964294668,-1813.2937069067914,-2148.1591087855627,-5029.350059325193,-26405.57985087225,24598.24472086588
0.128,21228.32342723888,-2227.692091719741,-2839.5650284153767,-3032.5531047773447,-9822.884695513823,-45096.00889216989
0.16,20605.872047647485,-2544.3921988047096,-3298.2508099432157,-1140.6309909865506,11487.541802415684,-19961.496851199205
0.209,20647.401588845445,-2746.2313084770603,-3518.1423944926505,516.4261501253552,26933.282579061415,5145.283140596865
0.243,20647.401588845445,-2820.5003246662172,-3508.1266723901977,1833.7666376351,29676.13286745894,1223.5538395156364
0.272,20747.313886560667,-2758.4412731604048,-3290.3155524229746,2739.374449641375,19893.575746132636,17214.504841495756
0.272,21165.85030148629,-2554.8072426914287,-2897.8905498092145,3198.985311788267,3626.390783117767,3072.2359753327455
0.272,21475.24314823665,-2207.445694362512,-2372.5963879671112,3217.834733033187,-11166.70230675051,170.851551317769
0.272,20731.2429822973,-1717.0129832626874,-1762.1752149119002,2838.7327354511713,-18719.286918631893,-1317.7061982403966
0.272,20960.77304610885,-1086.8353843159282,-1117.8832508096616,2136.625319152689,-17643.185240362178,-6021.9477607855515
0.304,21206.23990371704,-322.60120727373464,-491.72896442856774,1211.0967122017785,-10527.4396400716,605.9790266395539
0.336,21206.23990371704,568.096839930625,66.41477071486058,177.3877793983114,-1782.78596383326,-772.0090650133534
0.352,21310.577846834403,1576.0828230857337,511.2779251841337,-844.1479847294461,4768.0777363014395,853.5053297396153
0.401,21310.577846834403,2690.8301724958733,804.223972067306,-1739.0451774188,7379.702750605881,1533.192772628904
0.417,21076.59978587625,3900.690430623405,914.9052817645968,-2408.93105779445,6522.575357328797,-383.2932197700384
0.433,20666.13235069899,5193.066253844842,822.4186290053972,-2780.176211564643,3971.3767815860306,415.84457418643797
0.513,20666.13235069899,6554.595978121507,516.0376015300158,-2810.035990213911,1574.6948134370184,-502.90087484373544
0.594,20546.97520100775,7971.432589948868,-4.363349139487858,-2489.554182277487,382.0861075883229,-58.403147286339845
0.803,20842.152338284533,9429.55796205825,-728.2808438863758,-1843.2547506781132,421.9239456864915,162.24035058082336
0.867,21543.237154869697,10915.108247515946,-1634.9697559762974,-925.8390849524815,1038.9572121855729,-35.39029802443656
0.899,20933.5933248512,12414.604733294955,-2694.36930103387,183.40541355733296,1451.2851177411765,66.0780143088532
0.947,21062.249965935946,13914.951339524816,-3868.7150978849763,1387.5475022869473,1182.1314700590126,-514.0071986958619
0.979,21031.40455858762,15403.445859745521,-5114.380788736099,2580.441889726905,234.00354709650648,154.28505799855975
1.333,20656.72226628331,16867.916526215442,-6383.698321370748,3656.2167173718058,-1001.7244381800651,158.28804952928067
1.414,21178.81431327037,18296.843230643983,-7626.891057768764,4518.537125379565,-2014.5274094207798,-21.95116652221259
1.43,20597.22192254328,19679.481145852984,-8794.014491519014,5088.885964874385,-2443.167064918422,271.026433513111
1.623,21201.702499592604,21005.948987864347,-9836.885880617796,5313.051312029905,-2216.8130784436225,-178.24611444141556
1.703,20850.847166877647,22267.296491416768,-10710.908994393965,5165.354609693751,-1528.0254288012784,40.031274945757104
1.735,21531.100157630462,23455.588783484032,-11376.673864105825,4650.433488610438,-687.3646418088987,34.63627654507309
1.767,20768.54804379321,24563.91832877311,-11801.412469839683,3802.243882112491,28.93326382045754,-223.82083458709167
1.842,21064.59689910375,25586.31967055515,-11960.299015386621,2680.4095227483035,467.6059389515228,-83.13367372903213
1.842,21586.733649579724,26517.78589570958,-11837.258418216994,1364.924380662716,628.9332596359943,234.42552716069076
1.874,20927.781871292817,27354.36063831194,-11425.309466037086,-50.3780416394692,627.9982168691315,114.29893851309225
1.938,21401.32592932295,28093.054389943376,-10726.82022552484,-1465.743735089059,588.140557572283,-299.8714738473145
2.003,20628.11203338052,28731.72420869418,-9753.466603763041,-2783.6654456906826,566.1221169422067,65.38260779057327
2.099,20866.046353107256,29269.01349643057,-8525.762968759624,-3916.3173089789975,549.5177205489285,-40.89955892726357
2.179,21437.558107085,29704.39070835009,-7072.139724486501,-4791.581546737699,504.7410333442519,243.9959001536481
2.195,21437.558107085,30038.283987820185,-5427.623950443668,-5357.298431730144,427.4744618802326,304.7564939942631
2.195,20735.4451102549,30271.974684844765,-3632.686441409984,-5584.503550359235,323.449850565661,-603.8787363090969
2.324,21362.255080015075,30407.35731693198,-1732.1341709045637,-5469.109550997972,180.76259949733537,-74.83191717856971
2.405,21221.43908994664,30446.938652570694,226.46706581402697,-5030.870294218984,3.0545785212216003,361.5155279620162
2.421,21490.95642458873,30393.892365476244,2194.498515598745,-4310.417389232867,-171.68196973011914,-76.68456476483243
2.477,20586.82836137156,30251.911984763672,4123.676531232388,-3365.484826451845,-308.17233583846485,-156.12331106620513
2.477,20554.060704000083,30024.977747699475,5967.256440170517,-2266.3111040964195,-404.63869340889096,-170.21951370639817
2.477,20961.1977292535,29717.320251789326,7681.439013653372,-1089.7850170848403,-465.49081436583026,325.8683986524138
2.477,20961.1977292535,29333.57130931839,9226.912633732714,87.07302898875182,-463.95297399980575,352.41747653946777
2.541,20542.39309339441,28878.73992613281,10569.936775835595,1192.6423638720785,-372.5632790841601,-358.1211031193161
2.589,20678.604624105054,28358.02348381179,11682.959142336329,2164.9047068988207,-210.24886404479253,-155.1011090955999
2.729,20821.49932640783,27776.758839524417,12545.215543528793,2954.994921497475,-26.74140263660638,164.0570248827571
2.729,20912.1356501741,27140.469095530647,13143.231974740473,3529.7562057021687,136.35738237429504,21.71793423276631
2.761,20992.1548953241,26454.83241910418,13470.960255098673,3872.672381874471,255.27069565147175,-12.054994396783513
2.922,20559.49217790272,25725.562656528058,13529.541713508006,3983.2169685500157,313.64930298334275,-143.0057118989098
2.986,21329.867402299333,24958.325432812635,13326.906498822342,3875.190011072546,304.5634778417775,44.39258301601876
3.051,21578.50820762017,24158.81671695001,12877.419578850431,3574.648191722743,251.52605874284197,335.7560745780502
3.051,20736.562697477664,23332.73758104124,12201.191821049746,3116.860650229743,188.5100568027059,-326.34519143396847
3.083,20736.562697477664,22485.515580919753,11322.870611165978,2542.200372288042,110.97152254692003,-418.8130227683032
3.099,20836.49734693734,21622.19774353708,10270.601292989219,1892.658239567017,-1.6994137245243621,397.8263802640872
3.179,20721.92230485944,20747.57264603271,9075.278166366701,1209.3860402426299,-132.25691719715215,200.14308329243067
3.195,20702.744508116783,19866.200462485514,7769.623960186509,530.4094976879769,-232.97461567634733,-64.56735123670114
3.228,21732.53407866169,18982.453262116498,6387.2809903640255,-111.08685300339043,-254.8539800148563,262.8551298270304
3.501,20696.709537113853,18100.57607022786,4961.9558483872925,-687.8433434827335,-175.07289770258797,-175.8491593346307
3.501,21319.36208240534,17224.544931822857,3526.3098037724158,-1179.6394807885376,-33.20822382815027,-474.60058755155023
3.549,21319.36208240534,16357.987648337054,2111.0311677408317,-1573.6087525143357,93.30830118973742,258.0363374746362
3.646,21024.02848291737,15504.239943748826,744.2210411306119,-1863.6127206975175,149.75610575701364,40.825860372628085
3.662,21769.615622713045,14666.331577757981,-549.2055614795011,-2049.4418904392305,125.45205047167971,-60.71636454273266
3.71,20821.5663816412,13846.974776903278,-1747.9824380534094,-2135.756814267557,48.65442381510158,200.3714157288341
3.735,20646.954553956337,13048.447683011515,-2834.970952455365,-2131.2063164964543,-48.148894091146246,-450.4280986810518
3.735,20780.282709632243,12272.506808066064,-3797.443567639799,-2047.3917039561056,-144.56975508909795,186.40147863116
3.751,21565.544195836093,11520.602609510304,-4626.767423624798,-1896.989688411683,-199.8113673659383,595.8480722901791
3.864,21482.64157565136,10794.10917511559,-5317.953793513173,-1692.1323625246216,-158.73414228334022,-118.20714588229839
3.88,20891.77321097532,10094.232712832334,-5869.599406122782,-1444.1543983104425,-20.137684649913325,-428.3170934526988
3.944,20931.67107482804,9421.780149219629,-6283.945440296079,-1164.050715164136,134.43083086538667,-334.71120528194933
4.008,20726.14678456149,8777.134631156941,-6566.53397256332,-862.4599942452174,208.05236649391674,236.54029139117938
4.056,20868.37093453061,8160.3773116764,-6725.5758962673535,-549.3248461744313,167.25012425676022,235.80701117634771
4.056,21572.85321627298,7571.433470127351,-6771.245582890939,-233.61153328332097,61.42370520713706,244.67006787118862
4.114,20815.97844552737,7010.1601082977395,-6715.056296634517,76.66694924886481,-22.790434356476567,-13.020500876564256
4.114,20792.24089291584,6476.214183167815,-6569.575329472571,373.72572358438475,-43.944100060053586,-571.200242516722
4.243,21756.5845556956,5969.022071877594,-6348.001550488472,649.6889427843317,-18.326755359331997,299.16327789228853
4.371,20723.53163046022,5487.940641488802,-6063.487085793442,896.9812921414906,26.816629338777147,159.8195473358046
4.436,21232.234982518552,5032.20182610884,-5728.837065881966,1108.182999191552,57.232389857298045,-480.8195959892255
4.452,21787.251149088283,4600.901444943497,-5356.198121566355,1276.1770715362643,49.13283074879507,496.27105899002163
4.484,21787.251149088283,4193.191261032577,-4956.50751283758,1395.0207238093742,22.51972361857989,147.464794341362
4.516,21637.38270251545,3808.25637961269,-4539.34545819831,1460.1868179765936,5.577082535100715,-498.7676542065519
4.805,20920.40579562257,3445.1008761082844,-4113.145534489978,1468.2733269335033,-13.050795617715607,-137.03334146126326
4.934,21728.086081515085,3102.4852557726867,-3685.227918852294,1417.266165146052,-62.55335596116211,85.4239232193977
4.966,20820.962884540902,2779.049971401565,-3261.601666420453,1307.383372997563,-139.12856393291133,317.85115627904224
5.031,21577.010640741664,2473.384442154183,-2846.902985059008,1141.638539523334,-204.45886613678735,-9.528355328469843
5.69,20699.592912148582,2184.0252982941947,-2444.4899121227268,925.9933180251196,-218.99001869120667,-23.997568248638345
5.754,21761.434884242404,1909.5020695891153,-2056.507398194107,669.413355568978,-163.31692061343782,78.23543213790163
5.851,20663.2266239198,1648.3851959817207,-1683.9852300078876,383.65567179925324,-47.14297265273177,-131.4991933759229
5.867,21154.048580413888,1399.2387977903493,-1327.106221802,82.50824933325535,85.87064464918464,-170.96132244846285
5.883,21173.76281902347,1160.6184822368027,-985.4194139675037,-219.02636806680184,183.67846661633482,144.25832624880786
5.899,21173.76281902347,931.1817041326026,-657.889978174424,-505.3559390413706,225.3443886756701,177.4456500140468
5.931,21315.808155036942,709.7083209667632,-343.08791892414234,-761.3043913961197,218.69827680911322,-173.84038370293638
5.947,20914.05790019726,495.04607607788836,-39.48248132990349,-973.3496729632826,177.49901039333184,-20.85293676468882
5.995,21474.282023225074,286.09483160055134,254.34163689066148,-1130.6276592121178,113.88572728468617,-2.497546331632293
6.076,21515.99037837868,81.88256724341359,539.6312524137646,-1225.4693433316377,47.55151612706658,160.97125671976391
6.122,21515.99037837868,-118.3825507948258,817.3998750591895,-1253.793943894805,0.6450029604075667,-27.36263718587452
6.122,20887.615786506627,-315.4341383775028,1088.1307706412172,-1215.7541567370508,-30.864262290824087,-364.65811849805414
6.154,20887.615786506627,-510.0933524571566,1351.4892258140808,-1116.0806592546542,-77.80704783956944,8.9382013788927
6.218,21387.42314427175,-703.2046836380092,1606.4019995843735,-963.4023278498004,-150.48485981615264,345.4585344460829
6.251,21387.42314427175,-895.4404580038805,1851.3721869047156,-768.907370324279,-207.93553069247164,254.702217970339
6.267,20616.757347197217,-1087.326381472898,2084.48533441753,-545.5494772414891,-205.78228951227402,-376.7465129856755
6.283,20577.21711125578,-1279.4552418597539,2303.162536745006,-307.71543013670157,-154.1262785351325,-305.88307156901556
6.283,20577.21711125578,-1472.5080642422388,2504.242173652229,-70.20552183903258,-93.68131335322218,303.7296570321164
6.347,21093.207132006544,-1667.0637822373128,2684.405698753801,153.39625178372003,-37.908417910108,269.6572506667794
6.476,21693.19500842035,-1863.407573147182,2840.6062424153806,352.129291568011,39.16002823908906,190.54400294548486
6.556,21683.33788911556,-2061.472522274847,2970.2794740514655,518.3063057998419,162.1625309266005,-149.39709370842684
6.604,20666.065295465625,-2261.0542244256294,3071.1270229533106,647.0105773489383,294.1323371387329,-690.9243447437793
6.636,21239.65576167772,-2462.079724531184,3140.8198288373505,735.2654791719671,341.22301974543615,-121.99382790583968
6.781,21621.825888374555,-2664.5086928763503,3177.263873679618,782.2501745382665,252.9564568273161,677.2790813390984
6.894,21477.21010174872,-2868.116055510593,3179.0328446374247,789.7372636091399,79.33880946489171,147.42907569625368
6.91,21540.197317623773,-3072.5487944406,3145.3616436911366,761.5296424905079,-89.61849520066173,-271.02757974898486
6.942,21540.197317623773,-3277.442865945019,3076.029314426342,702.6401460195135,-193.5026654896536,2.085535101856294
6.99,20657.68339129489,-3482.5032774944043,2971.284606427693,618.6102739852007,-226.13762322789927,-265.2023218106997
7.022,20657.68339129489,-3687.630477451155,2831.694882112817,514.7988803217489,-228.1025408111537,-132.1076032756282
7.103,21115.20124855057,-3892.855905490744,2658.2781918821793,396.39311440181933,-230.46320906997587,537.3064468146017
7.312,21154.38385658072,-4098.104123229593,2452.8777862794755,268.9962447653461,-209.40438861685865,269.0590351605101
7.376,20721.38586299251,-4303.166249084526,2218.18430341495,138.5239001122863,-128.0940618476356,-343.68235809971975
7.408,20997.072279104268,-4507.838848602996,1957.480507660641,10.573680884588626,4.571644426557981,-190.88903211798788
7.424,20758.62386925505,-4711.94036208817,1674.5534567974364,-109.80014885568083,141.98567371946476,60.575882054677095
7.457,21282.63816626527,-4915.239012199263,1373.7230810671783,-218.0201760236602,239.96872357966467,52.64750752468535
9.129,20592.0139660852,-5117.442961312403,1059.7583231913986,-310.11010439197514,275.41857559864116,-5.583339425355916
9.177,21273.65276499424,-5318.250913015089,737.6888177574043,-382.9880790744819,244.64734694196906,-51.66276646245478
9.434,21491.78343913358,-5517.2958233666195,412.76950736838023,-434.4074638309054,171.08330671101402,252.22025506312002
9.634,21008.337558309744,-5714.096187980881,90.42475673257941,-462.91388947360264,93.46226631906461,-120.75270869480937
9.634,20865.3758007736,-5908.220017362193,-224.12970378619082,-468.4071466475152,22.19701336516789,-428.95299077483287
9.666,20861.911280383025,-6099.392645369753,-526.1643356867238,-452.40294642934083,-58.777292434757896,222.1894882754964
9.699,20725.185659549912,-6287.427625952845,-811.4251516392745,-417.61938162088785,-150.4466957693425,155.94317801457373
9.779,20618.21021058681,-6472.184340714066,-1076.146180569109,-367.56742076496187,-228.65849541449194,-11.580680287313044
9.811,21139.51994651794,-6653.526483993914,-1317.0482943687955,-306.1211796254107,-257.7962394183562,207.0197376584524
9.94,20609.42597501588,-6831.261394772576,-1531.2973710874232,-237.06187721234173,-211.28100201753344,-81.37385657251434
10.085,21428.2597813916,-7005.143454968882,-1716.5494855850834,-163.88542528012024,-95.49549812053374,-140.20090975867151
12.223,21111.64732118217,-7174.856570102724,-1870.9542593892588,-89.62410249579685,53.01381122846939,88.77500942208462
12.308,21047.78838727336,-7340.043477888854,-1993.2179909544084,-16.883302019817382,180.97465053404775,-239.13628497785248
12.308,20620.73595771026,-7500.448859327847,-2082.820877603755,51.756560703191624,229.7329606957582,-175.0667620728891
12.308,21264.242680578554,-7655.939073960855,-2140.022976223926,113.7526839007574,174.64892673912505,328.84244433332515
12.308,22064.725704756464,-7806.288234137753,-2165.50144337477,167.3149739945189,65.64011609096156,417.7273380253605
12.324,21260.57699448788,-7951.064454124112,-2160.140414041657,211.7103237974739,-10.208591701442742,-169.2889674581811
12.404,20708.0865750416,-8089.908177013705,-2125.4106366235014,246.3131325458822,-28.701895003996526,-752.1883746851909
12.404,20859.36318151512,-8222.77864149955,-2063.6763408960305,269.85995875449674,-43.27835024850984,77.67092075683195
12.42,21861.77186510228,-8349.74062934047,-1977.7821825177064,281.23278018704724,-85.44480664715198,738.5516242787971
12.46,20762.088389645625,-8470.729069824409,-1870.6055880285155,280.28645516865885,-121.46186898444984,-39.080792631576514
12.46,21616.640283660923,-8585.659176826772,-1745.1404775777492,267.5340436429764,-115.80571202454783,-348.6274007571101
12.46,22006.38765172812,-8694.438321124991,-1604.4373018200783,244.07930940540885,-59.60454192907446,306.73359704269205
12.605,21658.63921149245,-8796.84469181655,-1451.3524466821293,211.88312612641255,39.68646524339209,-123.53939023995099
12.75,21000.08976460573,-8892.708500144845,-1288.7660531284087,173.05379803857338,132.68542131886423,-625.1103329286498
12.814,21772.186073325407,-8982.080153966714,-1119.7767378880847,129.23659764818456,149.4754195175918,295.3132307353444
12.878,21197.589778612823,-9065.097900237573,-947.4373064738033,82.0017727064667,74.79403327146485,373.60065820206955
13.007,21896.104144585628,-9141.880057266375,-774.535735401228,33.16055256138074,-39.177790046920336,-47.62516224864066
13.035,20887.21345510644,-9212.568582982682,-603.6176438596389,-15.4093467625818,-125.89120662907195,-28.346425175370314
13.035,20887.21345510644,-9277.454405445524,-437.1385626079704,-62.17415518420493,-158.14481220654872,-327.3056087297891
13.083,22054.086274395737,-9336.924803702885,-277.3498616032554,-105.77600429148936,-138.60164621707403,360.58347627296916
13.196,21512.749375432657,-9391.201296913063,-125.88378897666982,-144.27829114903983,-59.719635743802655,374.75025197048126
13.662,21871.96426057389,-9440.34316473132,16.232236598489077,-175.35013870231197,68.73889322404636,-609.5614511145532
13.743,20923.33387414621,-9484.47564331353,148.2053904425731,-197.18265850508178,185.4895821364023,-173.0839024151801
13.855,21960.11954070563,-9523.853711373034,269.35531389423045,-208.83349403494,220.17139606079675,141.63350955455007
13.952,21105.83586762379,-9558.758071033444,379.2455508907827,-209.9792897372029,156.4337102877673,179.39012995948178
14.032,21950.083607445195,-9589.43602592926,477.7408577432471,-200.7682030702379,37.9351378221055,104.80440641542464
14.418,20859.40788500403,-9616.146034918203,564.9021641242196,-181.95712958376137,-74.95357198638877,-157.03522991857426
14.515,20879.055068380247,-9639.269847914178,640.7820281240876,-155.18145553017433,-150.4476728354613,-180.3365497692712
14.547,20815.41965191599,-9659.354812979096,705.3364845509094,-122.90233881561772,-188.79047820548143,86.47431309052081
14.82,21963.20408144046,-9676.894934996853,758.7366929102766,-87.51144802608424,-178.39468058154034,549.499131839947
14.916,21146.158414621164,-9692.13426478744,801.6341012764286,-50.59831426078556,-92.76871762385804,-87.88732976868323
14.965,21054.65037282114,-9705.229891140401,834.8679850186762,-13.434496660819768,47.228861754379494,-629.7891336245793
15.077,21965.64042158609,-9716.381088671604,859.2257690012116,22.622200626896635,172.00019413862327,193.37987072391843
15.093,21958.711380804943,-9725.639657986709,875.6877050339971,56.680940390397026,238.16939062366365,374.1692824841721
15.158,20996.759354681893,-9732.93113308248,885.3481028161377,88.17163903712755,234.90717174045125,-530.7541831267445
15.206,21570.238062171706,-9738.3172357757,888.9801972892584,115.99462214491348,149.31524280311427,-125.22273915505411
15.238,21570.238062171706,-9741.953587419492,887.082127712306,138.71184939157888,-0.6696612927977696,557.8077458989173
15.302,21854.37343768757,-9743.899086544161,880.1574952533743,155.23270138393917,-145.78527807617456,28.898038516568704
15.512,22003.3478144822,-9744.089028431974,868.7479852262564,164.96117684959944,-214.04033518523792,-56.282223556389
15.576,21844.8068910607,-9742.390203701318,853.3428132295375,167.65307329283831,-182.18768876488195,-112.53907393685768
15.608,21042.44632034854,-9738.746305198612,834.1606474918782,163.01020465561373,-95.68477838536484,-432.76843380713035
15.64,21748.73909339179,-9733.282458787799,811.0124209197761,150.47547417040542,-32.67825715178148,145.8164417825701
15.753,21934.19151713747,-9726.136219028613,783.593186295172,129.90780420197746,-23.00409251567956,554.3679808956804
15.801,21046.983724472968,-9717.356036349855,751.6727507666093,101.99159360770888,-36.83007155026121,-224.47909142675326
15.881,21441.827290275967,-9707.070287137381,714.8777751361304,67.75385108883232,-46.972408551177296,-310.26098710657243
16.042,21513.285817299584,-9695.489076245998,672.7337903049112,28.570431974767764,-40.620379910559166,375.0567708667181
16.187,21225.82003185988,-9682.774522945318,624.9058008712533,-13.48427832501142,-5.134978430680292,-70.09496851959011
16.235,21778.93630015091,-9669.039497350906,571.2360951911561,-55.7766855691856,57.63668434934348,-105.02982892254477
16.281,21778.93630015091,-9654.308831371036,511.8276846267191,-95.22997323754848,133.40536984731563,246.10820803845309
16.281,21677.74995300173,-9638.501255016661,447.0822840034787,-128.5814906659225,200.24021438507518,-271.07169788370084
16.313,21677.74995300173,-9621.527279854203,377.55194049570883,-153.01528314804642,224.66269436694446,-133.34339439533687
16.346,21015.3113025798,-9603.386707561998,303.7890379576069,-166.72241476871784,175.72949375520452,-3.5817949411530208
16.378,20871.96956538792,-9584.25281072984,226.2219656907326,-169.2741557709288,44.91064135476347,-113.79692996956055
16.49,21042.468672093,-9564.442139925426,145.21123828260505,-161.47905643645296,-132.4774497677632,384.435080441227
16.522,21194.88521753373,-9544.24331134104,61.31715097705051,-144.71190015580578,-274.4560499322861,272.20552704315196
16.625,21623.36815874197,-9523.784212174423,-24.5061229672215,-120.37076901937725,-297.0141793888171,-46.58002127966938
16.625,20895.930635444,-9503.059914864203,-110.97915997077334,-89.88165422743148,-179.53516264222915,-257.0948327608303
16.657,21100.538504187884,-9482.087754607157,-196.7686055485265,-55.100311031483635,7.9402529371562025,-392.94979523217717
16.709,21100.538504187884,-9460.9491183508,-280.5866912017034,-18.317659563488878,158.94808402235265,208.27387796533822
16.709,20971.256014258382,-9439.706415367844,-361.1015143180101,18.15109183036622,209.15323165238559,171.12794195663128
16.709,20937.68369408652,-9418.401696042214,-436.97317100603595,52.12379321288578,158.29410037863394,-86.74892098987857
16.709,20907.46413558294,-9397.081399519997,-506.9294013432021,81.61797173166704,51.656076671162566,142.7658048161702
16.725,21894.986557362863,-9375.700842150041,-569.6603790922164,105.24811059424007,-40.45376943516442,162.02808571979858
16.758,21141.866879685746,-9354.02754990034,-623.7193723427292,122.53316974803168,-57.86358402339954,-58.91057241596445
16.758,20888.7333737294,-9331.804372060496,-667.8199529672144,133.33678221397827,-7.943077226087894,-547.40251542432
16.79,21372.84980688689,-9308.910502307466,-701.1175758247394,137.34377995310618,40.95772538239666,79.52758523845023
16.886,21842.392902659525,-9285.18801489122,-722.9709842376111,134.59934137744554,46.419114490362716,594.3492707728651
16.902,20832.474032935388,-9260.357145450891,-732.8348775015622,125.74058868649203,17.214801062149093,-324.6116474950286
16.935,20993.071316846766,-9234.241381028716,-730.6129075056946,111.27484513411741,-37.59365090167299,-326.46852063819006
16.951,20905.765403004338,-9206.846529562306,-716.7678151356686,91.38374204382389,-112.35811874065303,309.7394559821191
16.999,21406.95856892569,-9178.184551234448,-692.0281189810324,66.55299892638635,-172.3133706272534,224.93692302277395
17.058,21968.38968615409,-9148.096392167723,-657.0929266937154,38.13330954605743,-161.69058938113847,161.30335805542654
17.058,21341.289143716,-9116.242573172653,-612.5996202602387,8.254889985141583,-55.54319605003687,-234.36440864390352
17.106,20886.878178939605,-9082.343380434775,-559.4693211577473,-21.081682270664665,90.13062955904647,-630.91417319843
17.171,20886.878178939605,-9046.372501137086,-499.16390312185695,-48.692557053329004,170.52882759788207,98.66904826748214
17.197,21291.48945706957,-9008.431732236788,-433.4405604732176,-73.8132337831341,133.93505585831258,522.1927421259115
17.197,21925.854316455643,-8968.496714284634,-363.9100926502751,-95.31218106425902,32.85632078227823,311.8013399256997
17.261,21312.79066953548,-8926.351860185068,-291.8966638433219,-111.58866613264976,-35.314084734361074,-153.97792170760113
17.3,21957.97377323792,-8881.73450758931,-218.62724809187253,-121.18621792659162,-23.400397752856662,-420.72619372118334
17.301,21493.415116478816,-8834.414570224335,-145.32684735572192,-123.19572098345041,42.67282167034554,19.985767249859236
17.301,20886.431144050497,-8784.268621638586,-73.30258150337806,-117.5642756740501,93.69253282886697,-236.5185853215171
17.301,21188.91730176417,-8731.390686796536,-4.074032328617789,-105.38357368040714,63.27061724876057,27.359649828344118
17.316,21631.504193723704,-8675.953414843654,60.881219626544336,-88.29804161133724,-44.468528769211616,698.7517041241681
17.684,21078.2761667104,-8618.037180930793,120.42262389389309,-67.80755605272842,-152.0943478614856,-101.34757043418449
17.684,21761.01020109776,-8557.67819018203,173.69540814319208,-45.29241071307705,-185.73464403821012,-242.79006891255995
17.861,20987.32691852176,-8494.92318948423,220.05886531831408,-22.0915398960953,-127.38716892885748,12.923806417100423
18.134,21743.06175030014,-8429.838631738821,259.076293865606,0.5426838369548461,-14.37253260047973,-211.9166651712785
18.376,20965.95865082248,-8362.514113610443,290.50724820105165,21.493472130750643,91.95002993207623,108.18534466530946
18.424,20780.752096265805,-8293.127032823995,314.2039179806827,39.643039076840566,135.96379305940582,-138.3311376217871
18.456,21825.6514460625,-8221.931825548725,330.12130351628684,53.980504938485964,101.3794796534778,245.97007214797668
18.569,21416.25689461909,-8149.050948527234,338.6187259665213,64.26827961959377,37.78334132224103,465.10961218933426
18.585,20788.329337636154,-8074.518642839338,340.3633110101316,70.83853865507633,1.3965005605244016,-712.5980959101735
18.633,20788.329337636154,-7998.542518917598,335.9024272735744,73.7185997789788,-11.883999339629412,-192.50148813567648
18.649,21059.388942645663,-7921.4695515119465,325.6939108720565,72.73559318611254,-29.346701598789963,484.97711897825684
19.196,21352.308553732462,-7843.563172994414,310.42261492451763,68.20617767920496,-44.60868616808801,123.95521046302565
19.501,21673.34665934404,-7764.892898563081,291.1333004980853,61.19172877166332,-25.727888646492914,104.59121177569432
20.354,20737.45676725588,-7685.430113677705,269.03884307669756,53.03620585760891,33.37541149658182,-403.02099711566734
20.45,21670.41858082039,-7605.2050655927305,245.236135329125,44.72336320467844,91.51053658303087,-212.07915139123816
20.498,21456.64649684984,-7524.241335305515,220.76553347078163,36.972559111817056,109.3688796324731,437.4773582207499
20.948,21517.62205572392,-7442.464539193913,196.71076482014982,30.43965594103117,83.86678158314473,-127.92835923165785
21.035,21012.517334522883,-7359.822501451484,173.98207505476358,25.30562593292564,23.93572483628762,-223.38912655009062
21.035,21012.517334522883,-7276.401535981088,153.11957208019857,20.976600864815826,-63.43103968978909,95.8204393807564
21.887,21731.595305394567,-7192.339904711196,134.41968637607792,16.50361800417091,-151.46295070007818,238.70746973563018
22.022,21411.138345138832,-7107.6561797003615,118.19515232706746,11.267812226491316,-188.07276391402263,217.86568040842758
22.022,20790.67627080396,-7022.327753528568,104.65597531936663,4.851789675121418,-149.83121492789155,-513.8847373514373
22.022,21746.97330557982,-6936.432883637454,93.7028001085634,-3.2867144184825072,-69.10921300850981,0.7646291292721799
22.311,21734.00929379574,-6849.991343644059,85.18446155865361,-13.232072865336576,20.137069573044045,516.2521634051477
22.311,21663.53424352816,-6762.8596225997335,79.068701142925,-24.290106124558093,104.47567283079962,-331.9431481961319
23.903,20855.85395763564,-6674.935296814573,75.14358133999666,-35.685598226683695,154.7454157735408,-346.2857648884219
24.723,20643.75825449923,-6586.368213036178,72.72429230263691,-47.229339163372586,125.59510448196451,-35.798244032144794
25.447,21552.714294518744,-6497.467989343234,70.83932575749837,-58.96665111092817,15.85005870620762,446.9199277479938
25.543,21552.714294518744,-6408.399744404095,68.73789979263198,-70.20819799973337,-95.16829807924466,520.3422919312411
25.624,21552.714294518744,-6319.108608263276,66.03313801811764,-79.40787376921831,-115.38545225638074,-413.58002737822244
26.218,21390.574740239947,-6229.494442371496,62.45176759313482,-84.91468547349628,-31.12545943107338,-347.4812635713388
26.251,20592.639814929946,-6139.579808806697,57.59408980519277,-85.68541037818325,83.13453334413435,-190.81310906396175
26.444,20740.898935901994,-6049.603169184179,50.81794958986632,-81.65164673718961,126.9162151457981,-73.21888831855631
26.485,21724.755671591243,-5959.854836583025,41.519073910100914,-73.19401680921719,69.24839948935471,757.6069216391165
26.485,22184.30753759236,-5870.336766677076,29.662682175416826,-60.11487172400198,-11.797686713876743,388.8587075822552
26.485,21157.580156037828,-5780.7781830699,15.746581733604282,-41.829676011863306,-24.257688363596827,-687.0047455761342
26.501,21241.198032045133,-5691.0033478307705,0.218557813849928,-18.642488252578715,24.529028727446843,-576.3189080431539
26.607,21385.56794948196,-5601.0438183011365,-16.70934032001219,7.916156031010695,57.883606250024826,296.63737894176984
26.607,21816.017844202262,-5510.924215485786,-34.74523330003932,35.88543081999104,34.50184942846579,418.9873418133243
26.608,21082.79121909037,-5420.586182630481,-53.41667002356806,63.2792678188945,-27.679473539033296,-98.69912730892065
26.64,21082.79121909037,-5330.046725749724,-72.3269467159914,87.80019221440395,-99.54028720971118,-221.45070305757963
26.683,21082.41123943463,-5239.464669319752,-91.26428296021422,106.90085709774907,-160.38418966787899,118.54319275807939
26.683,21711.09875572905,-5148.985407233724,-109.97056373105683,118.54057967544202,-179.5018801526027,283.17517918842805
26.699,21095.464658196528,-5058.633359134343,-127.98884126115158,121.70764482437951,-128.02865275158604,-106.04330734055111
26.743,20977.33568875023,-4968.436461761659,-144.86799582478096,116.12417098587514,-22.821100290186735,-368.4532593410677
26.743,21530.42960529681,-4878.498604801861,-160.28523586693387,102.05343897841009,81.52128409299641,152.59885505389593
26.743,21218.01927304497,-4788.876576789585,-173.87049052263993,80.64054307217111,147.61971205986467,236.80420273860636
26.743,20904.42429833702,-4699.593387710169,-185.23974582724344,53.74458039281447,163.20144793005437,-317.2128325592648
26.743,21321.39609115077,-4610.736794005509,-194.15488845533397,23.462112821425684,127.15611926705333,76.23603597779584
26.743,21390.50768500658,-4522.371089121662,-200.39716139232075,-7.799803265711941,64.22836645413236,299.82193916974484
26.743,22164.97327863852,-4434.394966168744,-203.56460327692065,-37.14759650322679,22.389300044061827,-6.100334801790268
26.743,20803.126192465566,-4346.595881890578,-203.17595572494895,-61.68756779668425,25.928772501497093,-275.76846999251666
26.759,21107.64635892467,-4258.903959998313,-199.0718908997464,-79.56771609226818,36.1363129836071,-455.44714334993205
26.775,20965.77983686684,-4171.460205219438,-191.51588991939516,-90.27912372768338,-3.1525030076261658,365.2352349391035
26.823,20965.77983686684,-4084.450098379725,-180.92522317997137,-94.08981531485034,-92.81931444648265,346.9332172336226
26.824,20796.26420691779,-3998.0475820482707,-167.76552822340986,-91.7503961671444,-183.14039591405802,-154.9277544422157
26.824,21566.8405970145,-3912.3815775714643,-152.48099726517333,-84.2516866535677,-213.91095099700024,254.57141905915978
26.824,22031.73452994043,-3827.372933640332,-135.23840094693782,-72.23649414524313,-138.9759337499672,98.73398700799044
26.824,22197.807991243364,-3742.656997584202,-115.82057199694759,-55.79358043354042,41.125623546736705,-273.54553777747697
26.824,20835.49151843685,-3657.823468480145,-94.01232939192629,-35.28820583881793,240.88915251802723,-616.2774241425495
26.867,20835.49151843685,-3572.7767011781384,-70.15424304669953,-12.443505515352344,316.4345788758392,-320.2902165705127
26.867,21496.11967755791,-3487.6977968076203,-45.06470817357253,10.00889904282198,192.35018941769465,824.5128193321493
26.917,21739.10549153155,-3402.675399307473,-19.450063245031387,29.76506053264233,-47.31014074378672,615.9378801370217
26.917,22091.36898414719,-3317.5476422002776,6.351473933757745,45.62147670726626,-232.06459978567528,-208.51395277539268
26.917,21150.53935653441,-3232.067457208959,32.1215566394427,57.01821467586642,-255.417554593103,-455.3814086082084
26.917,21249.49052923805,-3146.1500275733842,57.39223734363151,63.30690295094725,-148.78854591695278,-468.29336429544674
26.917,20975.547549193805,-3059.9288644278886,81.38243896807141,63.67086244335463,-23.311227348383454,215.04396959716496
26.917,21465.631898120868,-2973.6041925407685,103.25998302408976,57.71209774158416,40.25572813893993,417.21462176479736
26.917,20805.40607040001,-2887.34638160877,122.31886045356933,45.81147783736408,35.71055801540848,5.283771930631701
26.933,21861.16836800198,-2801.283906274613,138.02097423572596,29.129310561820038,6.764145806381464,77.1842349977569
26.965,21426.89632497982,-2715.4324297218254,150.11559497202163,9.670186230372682,9.841975717397844,50.98719757792787
27.01,20973.312374748275,-2629.75145555521,158.553607888973,-10.141508091383995,62.6795489732273,-468.7789516305793
27.01,21105.4335362236,-2544.3282662945935,163.20741274050553,-28.278884078273045,119.73831030343834,-184.93041384584558
27.01,21853.94875454292,-2459.2916642403707,164.00324992395318,-43.04546064250334,134.40845901572857,574.2778982495961
27.027,22064.725704756464,-2374.5652034095465,161.28626696375568,-52.5269075040872,117.33728758027155,196.18058346972248
27.043,21672.09496165454,-2289.8848524656505,155.76559984258736,-54.907594784749065,100.58747274838805,-359.0070767109828
27.1,21672.09496165454,-2205.0228290082077,148.13936648074596,-49.379801963603214,80.24679622490214,-295.3708643474556
27.1,20847.159129042524,-2119.9422021039363,138.8345100270042,-36.670761976728045,20.860500870973937,-93.57314963131284
27.1,21576.92123376384,-2034.7945732537025,128.00158669033354,-18.87424674861785,-95.06835570683299,224.34264220580462
27.1,22301.542437260443,-1949.6866254161862,115.86683490556955,1.5500034189480276,-217.57091195269606,635.7076482946145
27.146,22301.542437260443,-1864.4442472997646,103.07510852224466,22.740575737112923,-250.83249733687825,44.28292042855264
27.146,21034.086767922257,-1778.8101520349499,90.3620663499499,42.98392946542307,-163.34094079591537,-875.0130536165207
27.146,21615.433289460336,-1692.785446657264,78.01794303632506,59.86929918034676,-35.615226572218944,-224.79070476427114
27.178,20804.176724454966,-1606.6181984176424,65.91030490675853,70.6482179008461,30.89502282045882,431.1143764238095
27.223,20873.60124273315,-1520.6836025928765,53.68867192636275,72.97503669349064,1.5893672096599403,62.154482223156265
27.224,21208.698595607115,-1435.4124115271757,40.92337497750885,65.44391276250843,-79.56688965774612,314.5809171703295
27.224,22253.530890170445,-1351.059543154102,27.479432294272883,48.44048653414637,-112.20542108226786,441.74403861094834
27.224,21389.747725695102,-1267.5797591370638,13.705619215996226,24.384667076845325,-15.642194835432832,-440.8290461646311
27.224,21862.978859302864,-1184.8324483780302,0.10631013008095591,-3.268283211371534,181.5397689050601,-592.7713549136652
27.262,20788.776372525263,-1102.798748391605,-13.00482305362233,-31.125962601356186,353.0051954076994,-102.27791354830788
27.262,21396.22973158714,-1021.629298535834,-25.581701482645958,-56.36770168458556,375.57934430908597,106.56549393338446
27.262,20895.036565665792,-941.5649684823708,-37.718878454008205,-76.76385728223516,222.24948040824262,408.12465035678997
27.262,21863.87292908108,-862.7896900731503,-49.42059650489437,-90.42907553830747,-18.617796000733705,318.61734003610945
27.358,20882.85486493765,-785.3722753126798,-60.51273562293634,-95.83386659402272,-212.74024378099406,-156.92067246919942
27.374,21603.542161410114,-709.3492900954157,-70.77544590008756,-92.21293554367978,-277.2809931808171,-275.6032041926319
27.419,21656.38168530246,-634.7244751173795,-79.95217128850724,-79.64277687194163,-211.1701020261359,92.19162307075294
27.419,21070.609518362227,-561.4332576801502,-87.70923542397253,-58.93720931972856,-72.34579911457524,-119.2188253660006
27.419,20724.40334849397,-489.5086933476475,-93.89807175646334,-32.05357849670399,43.17269292930206,-382.76092207409147
27.449,20625.02749264568,-419.1908091991572,-98.71754572581852,-2.1596691785914564,55.847167326840236,298.83596636287984
27.449,22135.33486549078,-350.6984502376593,-102.35606978596871,27.43678639668996,-19.46995182117442,613.2373475499885
27.513,20755.53932852022,-283.9999079863735,-104.64273055914447,54.29715713212165,-84.402675720151,-21.80923457427525
27.545,21758.573860952125,-218.9473268931862,-105.26450586363805,76.61907004793603,-67.80483437763789,-573.1173648056783
27.561,21303.760564775537,-155.40390728702764,-103.97555587104922,92.960075339984,20.583040646610613,61.361126997030624
27.609,20734.349874776588,-93.2615001851017,-100.63605746100599,102.27352570108168,117.7701792786982,-145.26322060333587
27.674,21975.63165135761,-32.47792142112397,-95.27371771821522,103.87185412833595,155.87508245147419,14.100581335637798
27.69,21072.442361407564,27.049753353569464,-87.89329787831772,97.85101157772226,121.7694337287152,592.2430655491698
27.759,21485.43554370827,85.48994373593236,-78.4729867416053,85.06045669545051,48.30444766018027,-473.0962321211964
27.759,21819.616475059567,143.0048529766375,-67.07594902541777,66.78077099262052,-25.07376938526022,135.74195536048956
27.759,21418.64853127581,199.81404781227843,-53.75558549570179,44.775284094083545,-63.546163155576295,161.72868571219988
27.759,21238.87345062178,256.11097376130704,-38.68139363779906,20.870578603223283,-64.84002134085796,-587.1792373158787
27.759,21383.57864422544,311.96261385902517,-22.28083306063981,-3.4721249187164087,-59.10461701207856,312.0714344920357
27.85,21545.49468105968,367.40037298717334,-5.082165490542781,-26.9450851970415,-63.96502607079171,195.44253733518235
27.85,21775.7400006938,422.5277450186812,12.468101805085617,-48.130610575805484,-65.43354107364385,14.687852919871148
27.85,21181.407115627186,477.48762497388964,29.97090003544521,-65.6903519042365,-46.2055416100263,-84.81642266494418
27.85,21194.63934834473,532.3247345197481,46.88353582039544,-78.84872776176437,-17.449283784401644,-341.9329432471977
27.85,20746.97861039384,586.9187423704855,62.44565159629763,-87.57358039599234,-7.922710073947826,134.95136432654135
27.85,21708.93063651689,641.0926104295265,75.87755433408591,-92.1521127745467,-22.095687755126846,299.03386289379523
27.898,21606.89492307841,694.8111366694172,86.70776205534168,-92.52160218139343,-21.660559422978423,239.0838263329133
27.946,21528.37324480692,748.2053009401502,94.81895863350948,-88.23570139333532,29.956089566244913,-269.6271399664465
28.163,21175.349792879795,801.3878294048563,100.16673163693002,-79.12145315321696,112.0804790340116,-424.30803011572607
28.163,20625.07219613459,854.2965326555284,102.5443445746793,-65.79102647443395,156.68348549878868,-31.028002084541185
28.597,21272.89280568276,906.7081004117667,101.61578244530807,-49.52299913018299,113.92630024086745,209.97905297260695
28.697,20651.71547552532,958.3816730117612,97.14812689313841,-31.690301464933484,3.90533509246481,359.10629388431244
28.697,21226.62469466027,1009.1272600224426,89.12298309897803,-13.439743572658937,-103.59245997812238,-58.188017916112585
28.697,21148.862975700256,1058.8265766852735,77.76470951340126,4.425003833881899,-142.26436746483867,15.404435193166137
28.697,21678.57696754657,1107.4995365004124,63.623800254070574,21.621502138286917,-83.4140485517486,19.179756741576966
28.697,21298.932587973188,1155.2938066219695,47.52883841770885,38.250451871312585,45.5329242247916,-305.4040022652971
28.697,21097.61042566424,1202.354184242612,30.349324807507262,54.26871820313009,166.11553849451704,-183.5448812628547
28.697,21327.3863586648,1248.7305574930504,12.821196179674542,69.14319866959744,196.67583343521943,55.95176904717482
28.697,21640.109615338995,1294.470636391731,-4.341958660482764,82.14587068297061,119.30956164077404,380.77934785287925
28.697,21369.11706556285,1339.7082393825544,-20.345198052064102,92.65850892680484,-11.623492894488692,12.773770946811965
28.697,21104.539466445385,1384.5638540845403,-34.492448386770434,99.91908627886738,-129.71870390210884,-299.4925988550249
28.697,21268.69067772516,1429.0492119384917,-46.35116343243828,102.84194353832905,-199.89016445117554,49.94985271024598
28.697,21615.500344693704,1473.1549673875425,-55.629202323455,100.44960872459744,-207.9644311018995,210.3888432806889
28.697,21450.58917410245,1516.9577309991705,-62.02014316842615,92.33931647747048,-150.22205865017858,10.147889652751473
28.697,21100.44909721006,1560.546477524977,-65.32161687353585,78.54037040357967,-51.81016183086291,-268.7207717510164
28.697,21213.16894449817,1603.9057441577615,-65.61062213150556,59.223218800378476,35.01057646394335,-54.21345105393539
28.697,21578.37409715344,1646.9770884464258,-63.138238984445415,34.94749934153384,76.22724758955468,291.8555092108709
28.697,21546.36639909344,1689.788697159033,-58.1192735421253,7.051574647487457,83.40659526209066,80.43079048774962
28.713,21207.08927000633,1732.4187463188473,-50.776738921808295,-22.56392227914192,81.9770039071899,-243.09014858943374
28.736,21229.82099411738,1774.8684593707562,-41.51990051882462,-51.971799658054024,75.17489421457594,-121.23974632974023
28.736,21550.613230539948,1817.0790544391202,-30.89700667218901,-79.30753357362008,57.09354931619825,202.66813311298756
28.736,21634.29816178061,1859.054046041654,-19.38773252776085,-102.55251010793083,38.018512913616206,145.7699453970481
28.897,21248.4176455042,1900.8545196282,-7.39330751989432,-119.74254256068863,30.194441866069297,-195.17612505691977
28.961,21359.550518935983,1942.4847982030258,4.606334513398641,-129.49807037431938,24.356668152159244,-135.04130475361035
28.977,21239.27578202197,1983.87080355348,16.040091019279817,-131.19910528423878,3.5551108597716734,123.36998242073605
29.122,21433.378330871863,2024.9235557889424,26.36401584704638,-124.82873109354044,-31.696226680107742,79.43349666164158
29.177,21245.489566980552,2065.571085878585,35.128665644536554,-110.86919933063064,-63.72468358099033,12.13575170243439
29.177,21403.538752024026,2105.7496695466843,41.980006659955926,-90.28867775302591,-74.96880113495598,-24.918799320940707
29.177,21687.02592695069,2145.4291798400636,46.706248507925196,-64.39712269957539,-56.45310704165004,51.225199079296544
29.205,21376.493141233103,2184.6421106030984,49.28231487065352,-34.682979888711145,-10.986854064418367,-38.71115004131207
29.205,21418.84969697591,2223.417418041497,49.76407953811036,-2.928222202808568,38.24167023261268,-212.02078914493177
29.205,21543.103044402964,2261.7399650804077,48.22035248750166,28.79282117559345,61.16743142198064,117.732025131093
29.221,21535.50345128816,2299.6027238171805,44.80443385221826,58.42555279335783,48.90624352213209,120.43874353474166
29.254,21413.038243417534,2337.012140395625,39.75172955263836,84.10073777107836,14.168064007411147,-102.77995848626506
29.286,21529.669645985323,2373.952788653604,33.314360131518455,104.16618097561594,-24.780953137393908,33.98985812434421
29.334,21438.295714652028,2410.3934002420797,25.758884908379837,117.3324642782583,-51.60873779225079,20.19573994435541
29.559,21420.637836532336,2446.293728065463,17.36563439464258,122.79399903200506,-57.51839247095799,-46.060823221416285
29.591,21349.738103120104,2481.5894846729225,8.395827741822224,120.24806225832907,-45.463655937581876,0.24413423767055065
29.704,21496.20908453573,2516.202655450883,-0.9013847956179251,109.95205870226762,-23.970081666883402,43.07301741250467
29.784,21458.077008494976,2550.074719200058,-10.24724822701016,92.79773185384019,1.4943509074134624,37.84518790071979
29.816,21330.9849895221,2583.1610266514786,-19.3515545406771,70.2082875300532,26.17416048512706,-75.22964617975231
29.913,21329.01803601003,2615.3919939305188,-27.97991297318257,43.896382869514575,41.160236081150174,-52.13899476493498
29.945,21359.68462940272,2646.6749985006945,-35.95638899360403,15.732233096573914,40.464253475127805,74.7959870041368
30.003,21200.540208880928,2676.9150437616695,-43.135580196410444,-12.338761278239698,27.24904477225175,-2.625711556823262
30.003,21261.80634043293,2706.007215770039,-49.41591494509726,-38.4649611063965,9.045209900006881,-21.134548588486723
30.026,21261.80634043293,2733.8454131586923,-54.7269076295566,-60.996303587048885,-5.544796490435203,65.90493468600198
30.026,21461.89915679684,2760.3629538599175,-58.96879570368479,-78.48500433815106,-6.930336388873769,31.41705033579001
30.026,21414.46875506268,2785.5583599337633,-61.97797889155269,-89.72931293713202,10.098235539902674,-20.67870539508931
30.026,21227.45170920512,2809.4586982166643,-63.589675366567974,-93.9918734028303,36.135139023587755,-127.51546918844724
30.088,21227.45170920512,2832.054684779289,-63.74135197654152,-91.24958426922885,47.882113899354835,-68.71228399698703
30.088,21246.38363675876,2853.300614896087,-62.472987328639135,-82.16693466512186,29.10139422301225,125.74355665846542
30.104,21409.32785383796,2873.1703091909953,-59.83990783678884,-67.83945046098192,-11.351550020490265,95.37452907270927
30.12,21425.689330779234,2891.696482595724,-55.85236000138288,-49.56713747904699,-46.22433371630356,20.515061136654367
30.136,21244.34962801333,2908.9468613861936,-50.51322731015146,-28.817203650739465,-55.11294593424128,-108.54641302744949
30.184,21222.288456235943,2924.961107710681,-43.91368971104302,-7.288647842342051,-42.11918098607782,-114.44241257811609
30.2,21450.030380491065,2939.754394619446,-36.22391193878903,13.251655255185216,-23.686033587175984,125.04399583074883
30.281,21285.76741048901,2953.371536795238,-27.605700209341105,31.28291025023529,-8.306560938678501,58.11713736802358
30.377,21711.232866195784,2965.9072480715063,-18.17841023751523,45.7012007608079,5.592270743306074,-16.63965211500181
31.197,21443.436615876748,2977.5087124604825,-8.014600995421372,55.882219915695146,22.418783106928657,24.620111421533693
31.213,21691.898607241943,2988.3504691860467,2.820535579487914,61.61061612742047,40.04363006732834,-125.32852035898031
31.278,21336.55057389148,2998.584707816451,14.193974539496018,62.90956103989562,46.512106766119246,-49.56924403532503
31.351,21375.621423199347,3008.298538348314,25.84554484486416,59.89671533049292,28.07453044959064,-4.532973640887576
31.351,21801.1986376284,3017.5444580114217,37.44498395875239,52.87432304936753,-12.582334077638137,158.4464732554752
31.351,21768.11805583454,3026.4449564300244,48.760596875392025,42.6184617034994,-46.59129069089445,190.2783784513631
31.447,21531.07780588601,3035.1769389373944,59.64090670305459,30.24774466868171,-48.34751501375587,-280.4219279243571
32.123,21844.42691140496,3043.87753324371,69.87663677996348,16.835623268961648,-23.448303332727022,-70.84207231218534
32.668,21462.167377730297,3052.63870044215,79.20078826770514,3.3178231268206666,4.681487192961441,96.60683432017231
32.668,21995.569407411745,3061.5339135336817,87.33964439484512,-9.478486671683967,17.809135347323632,-36.328011614364186
32.685,21469.99048828965,3070.631045512596,94.04297631216501,-20.834598688348986,12.972281760939666,106.32880981713515
33.006,21393.77103969705,3079.938572123444,99.01439421708355,-30.32173910977003,-6.974496509581769,-177.30125537525328
33.07,21450.05273223552,3089.3532959888867,101.84891468252425,-37.929522515296235,-39.21542516024661,28.084569000864576
33.119,21450.05273223552,3098.7286677155057,102.15664175029002,-43.78798474375096,-68.25909315297739,245.42937293449813
33.183,21480.58521516147,3107.939073448735,99.67723060241181,-47.91322204149353,-70.37559884952131,-97.8867701587269
33.456,21801.95859693988,3116.905216329173,94.32782372580476,-50.117132970172285,-31.60775132379402,69.6546782979758
33.585,21632.934705368843,3125.6202548614933,86.24233059937339,-49.972583470808246,42.424032447775545,-38.80442407686587
33.649,21456.512386383103,3134.0929678260322,75.67692643929068,-47.07243494410766,119.63127078795969,-263.65363375005654
33.891,22219.17625894264,3142.3241735880824,62.961975361833105,-41.18878547946588,160.82552634578536,176.92672474768005
34.952,21807.12184990905,3150.3958648559037,48.61900653391288,-32.08981206931729,154.69037198435882,150.6240746569356
34.968,21899.38985102056,3158.4398787384685,33.28805551750302,-19.731241580667366,110.28455798155136,-275.5817474921587
34.991,21397.749650210106,3166.4969608789343,17.49005621432193,-4.730693273559798,32.55437337629317,-72.18174148033631
34.991,21693.84320900956,3174.479733198356,1.5561147745387416,11.584549465792874,-70.2149250400787,119.72220185385049
34.991,21693.84320900956,3182.2583179466696,-14.249629937360705,27.592257279243796,-167.64038729014214,180.72465332442516
35.039,22311.08663214286,3189.788314639595,-29.544261200011874,41.92719630093669,-210.3990781904761,200.92170406570222
35.071,21840.33654216964,3197.1499505715287,-43.7830291059167,53.70262025885393,-165.71311244660012,-174.9199738247562
35.087,22159.519452991422,3204.4544418038454,-56.42257420747372,62.27204108208128,-54.09909201565293,-270.381491928204
35.152,21916.198362850948,3211.770979104127,-67.0499591207064,67.04742488998453,61.916144105042946,3.5440593676958088
35.248,22329.68328352968,3219.151272754296,-75.35807018247777,67.62377047506898,126.30216033546253,94.9874690172901
35.264,21490.93407284428,3226.6167681308234,-81.17198782509165,63.788039786590325,116.90169268120553,-54.89984827523131
35.28,21611.52173418066,3234.0539483036937,-84.60441857841072,55.26732882780077,39.303213692712234,-99.00554337474932
35.296,21503.0263665946,3241.2022170097566,-86.05655048232043,41.801539301095296,-73.55178758296094,218.23041254289365
35.352,21842.906992782,3247.789995733472,-85.98646655701928,23.66084636841143,-160.00125833154272,234.76986648091406
35.352,21701.86748526901,3253.6297621721183,-84.74300428181641,1.9479059592208054,-161.85597527559563,-74.08249427649389
35.352,21808.88763772102,3258.6016630951945,-82.57599127131223,-21.55662895081278,-68.31593940458964,-138.91522168894517
35.352,22332.14197541976,3262.6578452090926,-79.62235416222772,-44.58142626695444,80.27832629061274,3.6215506023281705
35.352,21638.097958338018,3265.834955515024,-75.88747030962844,-64.59857512857802,219.0912087254443,-95.53605960753521
35.561,21884.99532759134,3268.1453610872577,-71.41342414458776,-79.44145381408887,279.8895440339418,-244.36083222194156
35.599,21884.99532759134,3269.5296230888034,-66.35069079083254,-87.67104348364686,227.59734003643442,240.9854945623074
35.599,22438.066892393457,3269.9801376118994,-60.76963821713245,-88.34899675147652,95.5955629804048,289.43714827025633
35.631,21721.782889578688,3269.5793351229822,-54.607329255353136,-81.03508615467983,-42.66778320584126,-188.21711221997248
35.663,22226.753500312985,3268.392346242796,-47.83758664116826,-66.16703665401901,-135.2531103016242,-147.05229263139336
35.792,22373.336240450888,3266.472851098767,-40.467557066513216,-44.99650559781763,-165.56827557170578,177.67912446304035
35.808,22050.30882958279,3263.9305316316354,-32.4414841767061,-19.263655508663923,-139.65894751864315,-45.26040752259087
35.872,21888.213978792905,3260.83423579065,-23.792565000281805,8.688186426572697,-91.38587789479902,-278.12082135663513
35.889,22422.934761397217,3257.171547335331,-14.702752397916477,36.049511535759834,-59.4722218607956,258.8965970045174
35.937,22630.180135986822,3253.000822035164,-5.269014519778791,60.29358253970185,-44.35624818397122,268.26481358905676
35.953,21759.84791038608,3248.453706204665,4.499144568405006,79.41536755799014,-26.117613754847525,-354.49115825754325
36.371,22478.21062543519,3243.570283370501,14.430449126233922,91.623811884663,-7.069319110979137,-149.01056661498114
36.451,22165.0850373608,3238.326608688554,24.241710114206874,95.61180908359744,4.233733918522546,320.18084392235687
36.499,21964.120502963127,3232.7004421495194,33.64889793392916,90.88955741252111,10.253869677575551,-141.58672650355402
36.612,22045.190280102528,3226.601977473873,42.27624961681941,77.63465495193051,10.286702183202038,-80.3877752908329
36.644,22346.670609315708,3219.915270631481,49.73601774560099,56.81359132255501,9.119896210583107,320.54394195273017
36.66,22544.77412042309,3212.6229116944496,55.82974603247091,30.449342685781488,26.33881824710116,-14.261151205110764
36.709,22231.22384920405,3204.800042056704,60.541672814605,1.3608382596693378,71.10703916340992,-176.12320406883282
36.773,22088.12798120117,3196.4846730021804,63.84056546024039,-27.539301187866954,117.10136671244203,-226.30779711486048
36.885,22104.40005116464,3187.607524690132,65.57624163956176,-53.73648741722994,121.70594318192241,32.103344984258
37.207,22538.158004064324,3178.0805346415336,65.62023599560969,-75.06609420824996,73.30108598116763,317.48252295990915
37.496,22173.82456944282,3167.887713848013,64.00595072237233,-89.63460052536905,2.9919185074273003,9.432897343572222
37.641,22076.102742684216,3157.018150148109,60.82434463186932,-96.19371291428942,-54.5768760997791,-222.911750393072
37.713,22049.79473946032,3145.3793362359097,56.091048376177106,-94.4885906767723,-89.04226021232498,-11.57703891541314
37.713,22112.11140300172,3132.8360749077074,49.80714565464866,-85.11512526264086,-101.69831173984409,125.78567567668597
37.762,22112.11140300172,3119.2736414687643,42.055737231848134,-69.23152866732768,-91.96704039418535,20.510191515083534
37.794,22973.078247675687,3104.6760575434137,33.11447811225226,-48.204741478768426,-53.17054520985414,171.43917729781788
37.81,22048.02895164835,3089.165662348717,23.498184206201625,-23.39980052906356,16.65825182807788,-113.32775137397766
38.244,22663.372476502955,3072.8780307308443,13.74532417702067,3.519321394073291,89.06888194596847,-379.8154624204599
38.582,22485.16201796079,3055.9057223709133,4.311029376175278,30.540914055868974,122.36868043541998,227.07710851191405
38.612,22346.603554082343,3038.342603966858,-4.383687147008521,55.60317505205205,98.98339605433961,20.45496149099381
38.612,22772.627803400494,3020.270102209696,-11.987609781502591,76.72770932042432,30.922502736187283,-48.560981878583334
38.708,22942.74693044984,3001.8176348081847,-18.141108071146423,92.36426707421273,-42.463105974810446,346.53730040384016
38.724,22561.64968748685,2983.1851159734724,-22.45686234891505,101.56642611658857,-80.25953622520737,-278.20538233640946
38.741,22862.95120274439,2964.536387819631,-24.693700150230637,103.73184665107242,-77.04566543064149,-174.0403672336006
38.773,22936.48844200235,2945.994944999583,-24.76800751387035,98.64292922480196,-52.506354714565106,240.13979510688478
38.982,22276.486131726044,2927.654127594887,-22.736040989193437,86.53277350531278,-29.954548228156995,-202.6063586451346
39.352,22974.665221532014,2909.5140731390115,-18.87847593906712,67.9140201630075,-29.22735675197626,25.648976608171324
39.577,22397.140848295792,2891.5251910359034,-13.614971282397557,43.72064632309443,-47.59298381132638,270.2521738950618
39.657,22212.783660028417,2873.58934509833,-7.4773323630469335,15.288124259386269,-66.98570797150273,-268.3304117520438
39.802,22927.39128200904,2855.5385486845075,-1.111951041202182,-15.766305716118602,-71.07079903447973,151.39633036831856
40.252,22178.76430496744,2837.237745238649,4.905772186441025,-47.333485685035896,-41.89099807449176,197.13460798133747
40.461,22766.79399809766,2818.5846728798315,10.095598927729515,-76.98810389048502,21.806088775696992,-360.1622311218207
40.815,22612.745775311683,2799.4890126765276,14.059761572173011,-102.27557371591705,98.36641701911938,201.41365375570058
41.201,22122.549667662344,2779.8709727566743,16.494806384643237,-120.95503827326176,156.42245209285926,-148.1489450755853
41.217,22082.540045087346,2759.548207702671,17.03376703854785,-131.54441898758782,159.3936558084394,-268.147794399526
41.313,22080.17076017508,2738.227685500757,15.251418686444447,-133.45110319402121,94.04545238868997,408.3409110643429
41.426,22780.98735582678,2715.672268757282,10.93116639097333,-126.50738418204593,0.1390960422038745,192.0521343553819
41.502,22633.19762148829,2691.839218991258,4.273291139998005,-110.61248478496228,-52.2502211707332,55.42408071573209
41.502,22864.113493456065,2666.8491376842876,-4.173649952722329,-85.93559589261623,-25.107298847262854,-262.1393808654757
41.518,22514.532210175064,2640.858106147979,-13.739629914383487,-53.393900381262654,51.706824373859746,-294.8677697512021
41.567,22025.386634515125,2613.9257861759725,-23.86468716499582,-15.031640547498995,101.49638844104607,-98.84708752534516
41.599,22143.24738302796,2585.9391366052982,-34.23470019391427,25.940407927476564,58.400833512562514,51.83214595917434
41.631,22661.15965380188,2556.738614024068,-44.60046794007492,65.8593771230722,-68.07636936962177,552.7714987449685
41.695,22247.719436612064,2526.281857531593,-54.54216734784359,101.45446426620877,-193.51299340161253,74.76270201942316
41.952,22618.19960095878,2494.6109299263976,-63.53889034651479,130.0273192422429,-235.91930267615047,-314.6936321831936
41.985,22463.70434328369,2461.794949900666,-71.07827951222055,149.4936479059168,-172.91537485642476,19.26700086564324
42.29,22865.47694986784,2427.957119950577,-76.63855274455219,158.61510454580247,-38.846339625286134,-77.52693475895285
42.371,22614.846839290483,2393.282600010764,-79.7001401402701,157.08645728678042,102.9821034758229,-40.728810802107546
42.499,22071.4088763486,2357.9199328870286,-79.91457104537223,145.2322761362387,184.34019014069347,-149.6524268464891
42.531,22885.52646464425,2321.9132681210613,-77.21522377284359,123.78165548140751,165.35970941731645,93.11939511616038
42.547,22097.06867898329,2285.292573466486,-71.67818594843366,94.10735907530939,68.63420582233582,334.77738534522086
42.563,22049.772387715864,2248.0538143583512,-63.542940521505116,58.08667045897188,-48.03520214283586,-331.3608108375847
42.66,22800.32161478062,2210.131842118496,-53.236303468441555,17.912145813501134,-130.48317834095548,211.19619322204107
43.4,22524.03170156857,2171.5674329455137,-41.10111051233806,-23.559647398587,-132.4872817952745,308.63883801759584
43.448,22524.03170156857,2132.516168507163,-27.371523491313802,-63.03589767346048,-47.552453689680135,-524.793716992378
43.593,22524.03170156857,2093.1144837350944,-12.366982263243036,-97.4876594342557,71.37072194149215,-5.605747906020952
43.636,22368.530615393,2053.4534329380626,3.48139965351966,-124.47880458433963,152.5629772455779,55.57633673264354
43.636,22124.33780721877,2013.5632086200314,19.626367536435527,-142.3855690569182,150.13237208899804,-117.32264082362326
43.652,22595.713746036738,1973.4216283052601,35.44127510016722,-150.4534759672793,68.23612412788432,288.5696971225325
43.668,22116.22412398149,1933.0239558359592,50.350260708997105,-148.59672663312216,-40.75270270624384,58.44300567477694
43.7,22744.0175704977,1892.4051412386489,63.8819709145572,-137.30367449131919,-114.13297589914816,-85.44713701590354
43.716,22192.04124117389,1851.6337506200025,75.67468715269669,-117.59942120073539,-117.80552604239116,12.126973841724066
44.311,22706.60075027952,1810.7978994420673,85.46424017040378,-91.00239681801148,-60.99806682723053,-142.51597250245595
44.343,22625.86624930695,1770.014435873976,93.10228420150325,-59.3832818265806,18.944999433701298,78.57939258809347
44.375,22625.86624930695,1729.4471541127148,98.58245908962799,-24.784470846398822,82.91671570303774,5.931171401603933
44.408,22701.0575176546,1689.265155362108,101.97141123028844,10.586567241329398,103.01932377179745,-127.72823035181955
44.483,22666.211148048777,1649.6204986893486,103.36772427884232,44.44127849363904,73.05184794120936,127.78075653395717
44.483,22832.061091907155,1610.6619462802694,102.91505551117534,74.61464728249273,11.773692868469595,-11.139507197663988
44.483,22316.294588600947,1572.506470693179,100.75170614435476,99.14015834129835,-53.45993142970133,-78.78134093227618
44.483,22345.32950464839,1535.163195415457,96.89297816090298,116.19082540290864,-107.23452945393163,-66.72418118877158
44.483,22545.69054194576,1498.5471288256663,91.25682747047372,124.3064208891611,-140.72548661550437,165.38833498521217
44.483,22908.615816666585,1462.6225665348081,83.88624618004049,122.96722003472257,-133.52496051815984,263.3790292724443
44.543,22498.93069254526,1427.4557522167945,75.02589026207654,112.77016899798153,-70.35437325919776,-203.84394519460147
44.543,22176.90911017765,1393.0741502333908,64.9011522667032,94.91517080226404,22.69591201863534,-326.9016728021452
44.543,22399.77835414152,1359.3665219837142,53.56489575878047,70.79719979861646,90.03385308619416,58.43967749619151
44.559,22275.90498637021,1326.1675530579291,41.03035952063434,42.16285316536678,100.77175150803643,248.6565603454892
44.624,22235.157756228185,1293.3288925478253,27.383068508715038,11.188865537198286,67.95564716279975,-6.102961295534442
44.64,22571.17153062481,1260.729058364559,12.795861450519908,-19.676259653633,27.596550912606943,52.44984664059211
44.656,22087.591539334244,1228.2878488572746,-2.454468452102454,-47.89458041445627,11.848790521821968,-24.18143008043444
44.688,22383.90861557825,1195.924813393019,-18.05895925311525,-71.19919039530069,24.947796590262357,-217.0087866402655
44.704,22877.546891873702,1163.5963711200727,-33.63198887278374,-87.69366171486784,53.296673536855025,254.80211952402624
44.768,22930.520526232784,1131.421316060545,-48.5416300680769,-95.68003089738629,90.20501746275758,97.81597989069724
44.865,22879.04445875221,1099.6484277087138,-61.990637568876174,-93.97249685173115,124.12129432793779,-322.68288356963603
44.881,22090.74313530244,1068.4613053134751,-73.3444159344062,-82.62680755470515,118.98552532123256,-220.50597297428249
44.913,22090.74313530244,1037.8155170188527,-82.39414285248195,-63.37590257486679,33.607740726037946,-70.82946277853898
44.945,22219.600942087287,1007.4898244295276,-89.27482567750859,-39.19582747785519,-124.98334323670571,420.00723288761947
44.961,22136.072473057804,977.2591296490904,-94.18860315909363,-13.38680688340234,-281.6911168469418,285.3145683208568
45.01,22273.69216366913,946.9583573838378,-97.29429111297009,11.004358672311525,-345.6093861421555,-136.83076392674775
45.106,22378.47714167561,916.4854800579166,-98.6938263349518,31.504856987478608,-272.75531671821466,-7.324751267365173
45.122,22820.54994351268,885.8473910455347,-98.36058916303098,46.557243323153266,-84.80347559986808,-70.19995385211496
45.17,22414.91048513776,855.1650459400596,-96.13791811477961,55.6011728389949,143.9885753028662,-173.06067840905507
45.186,22302.436507038656,824.5540972539997,-91.92931378359523,58.67358620915945,312.5207368604704,-219.29404886635166
45.219,22472.08624745444,794.0424685023241,-85.82667729205235,56.09138875223485,343.95745612727654,108.04627619045004
45.315,22583.554397053053,763.648239916339,-77.98922090140289,48.611270200125965,239.30854309953446,322.12294219630076
45.476,22618.981912014715,733.4505047757508,-68.53302875642493,37.52364335367095,71.40265528402259,-11.943835258394756
45.492,22224.78654680092,703.5353218596736,-57.61089879987579,24.325950940390218,-76.29927819056476,-142.9835467787998
45.669,22028.18060257204,673.885590542597,-45.57155768579745,10.24653158959489,-163.1854011434798,-161.75642742450873
45.798,21965.528662863813,644.3482051447778,-32.990726138140836,-3.921008036654497,-193.49504489934125,57.00204096964262
45.829,22438.066892393457,614.7447086415023,-20.477999777667304,-17.489845309254598,-179.58557334378474,298.65758636461123
45.829,22096.465181883003,584.9874054440882,-8.479440173000576,-29.550319614298946,-122.97144243885916,24.568237387525187
45.829,22501.52349490208,555.0701153264166,2.720568046887552,-39.07264413897902,-31.58268357374058,-161.30149193436318
45.877,22447.02994192004,525.0457222795303,12.969348656218557,-45.08163989424413,70.91132661760759,3.422043866221429
45.899,22771.93489932238,495.0494891375281,22.27769150083933,-46.70678613985907,156.34710506115417,-34.64674337576071
45.899,22567.28232708959,465.28194163887844,30.78322748305376,-43.35645886039387,200.02501931475828,-92.14102255510079
45.963,22688.004098892703,435.949376369436,38.64651702990131,-34.98590462027941,185.0041117867607,-23.770976412621167
46.068,22484.69263132723,407.21580322456407,45.96668160572882,-22.253935297124205,109.95186227428744,2.039323207733105
46.068,22102.634263352666,379.15171277876567,52.699005257583835,-6.586768089180442,-8.934074950969517,-24.388093386238324
46.116,22286.74558243103,351.6994651479231,58.60787617104961,9.919506413336096,-141.21775277310093,62.12933544753287
46.132,22651.43664496382,324.77419763765147,63.43176364010745,25.076549214152237,-237.55652095502919,315.9954853136451
46.175,22510.017157795093,298.39088426577297,67.08422385479335,37.23065450564519,-245.6092422223838,4.314985666907887
46.175,22317.166306634703,272.61168114875926,69.57540472966241,45.25894547849071,-157.12731991724766,-341.56720475270777
46.288,22284.21983530758,247.43295009789614,70.84183563150128,48.3314343347578,-23.407272311091788,-80.85191349418164
46.304,22133.233801511986,222.77231189107573,70.73281396923795,45.959472552431656,85.18933950113285,54.83835534950322
46.465,22867.86858652456,198.55746359263583,69.15259953377677,38.310062343472524,132.49764804078006,217.24424704138346
46.481,22493.29805294252,174.83129078556107,66.22048244920843,26.468921972910355,134.04636779125875,142.84935056767608
46.561,22073.2640711384,151.6672099262386,62.13566384735744,12.023065380082308,115.35723179548498,-413.24616058609445
48.298,22060.88120471016,128.99323454967998,56.90735531776106,-3.6445214643082053,75.10901755004267,-121.76299876054236
48.764,22153.28331628839,106.6228653262046,50.4079670711484,-19.37305089717082,10.871374189433027,333.66663321745636
48.957,22187.14620913818,84.38862584686461,42.58425213363424,-33.90834713971212,-53.120121639729575,81.44016727363851
49.263,22203.57474131284,62.18329637321921,33.523045128732285,-45.89541958974664,-82.6857857298414,4.489539305143808
49.52,22109.876228556182,39.934070504833684,23.408980049550173,-54.09709074978093,-63.5934329671575,-87.37499785220552
49.697,22457.11057866938,17.59855912440583,12.510592184017337,-57.541563765855024,-8.821502850905489,-46.155796903817645
49.858,22013.719023909453,-4.8246175436153385,1.1842139549872734,-55.60603145846525,52.98070541825854,-7.751472807198297
49.938,22881.927833786947,-27.290136671655095,-10.133766411557371,-48.08662547435473,94.04584433619459,-7.376423770305337
50.051,22219.042148475903,-49.67702872426602,-20.90412288487069,-35.16660716421919,103.10043397371533,100.55509583397088
50.067,22115.888847814665,-71.8721556319544,-30.633740978576494,-17.677278223349358,75.09504516046817,-295.4292189160533
50.26,22508.720756616684,-93.85714641043629,-39.023235028946964,2.7287653115422863,7.9949826725595585,87.44145206813755
50.308,22058.444864564524,-115.63141430340772,-45.85868222198981,23.997888014089746,-75.76591882198178,293.3461699975851
50.469,22874.73057207233,-137.14791754262293,-50.92095290949476,44.08632840709007,-135.52688338120737,-119.11096453804021
50.501,22007.058204061774,-158.31497460332278,-53.99606301898366,61.15474276602005,-141.3271200938265,59.37446179359449
50.533,22001.805544114774,-179.10132369808855,-55.03833016141274,73.43921532291971,-102.83815973426647,-339.6386594806236
50.565,22767.26338473122,-199.56034234373323,-54.20205942451282,79.37931367228097,-53.685810555408295,189.14793426812412
50.63,21987.947462552485,-219.68507301565273,-51.61324949475837,78.22246062581249,-7.473315198359501,320.30434954055545
50.951,22751.907736290425,-239.41158894867405,-47.36890987292955,70.0748738047844,35.167570656259414,-402.42204205512826
51.048,22751.907736290425,-258.62920445380604,-41.54936769097125,55.83173058606227,74.80281600960726,307.1446751465728
51.08,22668.87100563896,-277.1346961453921,-34.14962716231794,37.18098909776143,113.04694457596193,-112.96777596659467
51.096,22041.27872482285,-294.7715496982474,-25.290859389942753,15.985722136195522,129.7198255393998,-472.3509654358986
51.128,22116.42528968159,-311.57746839372004,-15.432411350817429,-6.314584892764545,89.36885915432273,196.34010868772384
51.192,22652.75539788668,-327.6863969052188,-5.1985217230688185,-28.477752986613886,-6.419419138167967,317.11256339777265
51.305,22573.786684726085,-343.1291044014818,4.948275893968993,-48.92840233831803,-98.22649058115405,257.0048016251749
51.391,22191.57185454033,-357.8546448803096,14.68998018518605,-65.96094755501007,-126.96221781134096,-342.7998445059611
51.391,22458.809311247984,-371.8733298140321,23.648969186539674,-78.31689866357434,-89.60949458332854,-207.84131700383386
51.391,22068.100818169216,-385.2654779586963,31.390500774248736,-85.29469922057444,-24.48682564897868,154.83450106644796
51.391,22068.100818169216,-398.1643261755019,37.466801806149974,-86.71923816408656,24.536282798036666,-127.99605646393229
51.423,22054.17568137356,-410.75847453210775,41.43245767858077,-82.91789267629986,33.162162477989256,158.10471149494242
51.439,22323.6706642712,-423.2208223898205,42.96839182043941,-74.4438190688194,13.209688218803223,192.17547908214055
51.472,22275.703820670107,-435.6392366947525,41.994131188756604,-61.82251539340693,0.4335298384667112,-64.8365455695548
51.52,22444.839470963416,-448.02071918908365,38.65699074414017,-45.56194323821949,20.355215128139577,-65.4867911827987
51.536,22169.86831067423,-460.3402144744554,33.24484148122557,-26.317787116557945,65.61969646846151,-157.06667741413094
51.536,22169.86831067423,-472.6025471993202,26.075884018010335,-5.078075215976377,100.91646687857255,-84.48821244327792
51.6,22347.430568627187,-484.84616492005495,17.477203461122055,16.87479489964769,94.07901977498386,144.96035147679504
51.63,22499.958872790205,-497.0674985308845,7.88200470922371,38.26874708289451,47.01628048809323,168.04083161233393
51.63,21996.86580859015,-509.22160150261226,-2.1927187554877006,57.90936591293945,-14.16296303578693,-138.01264343387993
51.63,22818.51593476724,-521.2715733186316,-12.24348870844496,74.60178304742219,-64.83717362127123,-10.251372561434437
51.631,22841.76174900076,-533.0953521646693,-21.663313341814938,87.49944074129988,-80.33835835947582,269.336523334131
51.679,22571.08212364699,-544.4524173911468,-29.721263842023976,96.22201953467734,-49.535952302403075,-277.3181634480643
51.711,22673.2519475522,-555.1305825206664,-35.81482512166146,100.40445512742818,-0.8862148083701982,-246.1498798262519
51.727,22673.2519475522,-564.9973633210475,-39.56816048896941,99.5787370763309,21.831615134858595,225.59109608114795
51.888,22673.2519475522,-573.9495707750798,-40.76599358650289,93.40492412014785,0.7221379160057779,16.509389589945386
51.952,22673.2519475522,-581.9059246741253,-39.34507062342179,81.77768645814493,-49.443326035601785,43.45175967951673
51.984,22673.2519475522,-588.8137390385605,-35.39989982814889,64.88080428662343,-96.91969674158202,51.26876676102074
52.016,22673.2519475522,-594.6461357094045,-29.1675756533091,43.249634574037806,-113.18664224735119,-67.53241773524587
52.161,22195.595168542288,-599.4366016372448,-21.06219083587753,17.69553893216975,-91.95082172647804,-83.29684712462586
52.193,22344.569545336908,-603.3325797977266,-11.728665479903295,-10.83687271847478,-52.28944240567364,-62.25380618812778
52.322,22839.81714723315,-606.5134576545247,-1.8844016842056748,-41.020054550126716,-9.405140677035575,313.72514636422056
52.338,21988.126276508126,-609.0975829597005,7.853494396926019,-70.93492211313291,38.73849652837859,-41.11151523906847
52.451,22264.662058909187,-611.2479945374553,16.83673497500129,-98.53967642621255,82.68669275641645,-362.2991617549751
52.515,22343.60842032533,-613.202423935645,24.370457281611095,-121.92250529449414,104.87658825128725,290.10400780546206
52.595,22087.32331840078,-615.1706901448324,29.896164616665757,-139.16318071488004,105.53005770232281,38.45582328813907
52.997,22726.203230166822,-617.3023769406382,33.05908843153479,-148.4434873891623,97.74857036710054,-82.86245242601308
53.512,22395.084487805903,-619.6537890880829,33.76449030776488,-148.18230527162143,96.33501409764187,185.98297323262886
53.592,21941.56759280772,-622.2550143000828,32.071957517826654,-137.4652316365123,96.84939258594528,-420.1372286779779
53.624,22696.63187225245,-625.2049300344701,28.044476638679093,-116.47520631505942,74.39646554319984,61.423721274717536
53.689,21948.027246955306,-628.5967120247798,21.853059711867317,-86.29363598114635,21.12534043594792,320.2614110186014
53.737,22287.79611442043,-632.510326857048,13.775774199387605,-48.816113818256554,-48.952609947531414,-298.9177379536304
53.914,22155.250269800457,-637.0524527845996,4.122650467954573,-6.723069382576289,-114.9815623640861,194.03285573608446
54.428,22385.987327812592,-642.2943387433527,-6.687175560885711,36.932207301544786,-150.59819954046316,104.80079109308645
54.991,21949.81538651173,-648.2680959709346,-18.14112508421195,78.98619155472093,-140.88476385778577,-241.94102774322255
55.136,22135.468975957512,-655.031011640305,-29.752771696802473,116.23974869164715,-98.12205951562848,26.72524243380485
55.57,22044.76559695788,-662.663310203325,-41.07793566562267,145.74912471742783,-47.306191383158335,32.61135046265008
55.618,22044.76559695788,-671.2260810871619,-51.66882645860259,165.21299659782113,-5.021987985465103,52.07354813928032
55.65,22044.76559695788,-680.7571003401761,-61.0853633961676,173.17940133958297,23.93095441432135,-6.701584457213357
56.117,21940.15943290704,-691.2812246925902,-68.9275079867779,169.12803249552178,41.35630201686007,-21.27214522747454
56.712,22290.79124817744,-702.7926606021031,-74.82359490499765,153.54916401613866,53.340155234515805,56.031099866691875
56.728,22819.70057722337,-715.162686891442,-78.30821657332751,128.1344878039994,74.44200349543064,159.1060128233794
56.744,21975.16226472405,-728.1275352652166,-78.82752793562041,95.59166415468502,111.40227812437192,-209.59264905128293
56.76,21975.16226472405,-741.4922106429195,-76.06875490081795,58.74385140911528,131.80685872210776,-434.13997386924257
56.776,22421.57130498544,-755.1970900017873,-70.06683816933953,20.10134856811514,94.84203598557775,362.41512684080044
56.792,22006.834686617218,-769.1685071617653,-60.97228062978338,-17.85360653046044,7.957153586632529,254.31968144118855
56.84,22324.363568349312,-783.2956798235832,-49.00694994520841,-52.75836808062684,-84.62200131333569,-203.04653340929417
56.872,22783.60250992805,-797.4223354997009,-34.44087161014965,-82.49798494975603,-135.05460650851072,255.76344106504712
56.889,22726.91848598939,-811.2591697787332,-17.452121429419456,-105.09582564346793,-111.11901087119517,-48.18024560453068
56.953,22037.97066664346,-824.4900196209165,1.7173363091116567,-119.18580285013049,-31.442601360469922,-500.4595081408015
57.467,22738.384930894965,-836.9312365661556,22.533554501564588,-124.55238592704796,37.935688896073486,57.09735132786864
57.5,22597.412478615344,-848.4425389040699,44.329775522042866,-121.79067612720486,51.92631714238385,376.3312017046046
57.644,22511.35826246241,-858.8397509994755,66.4649297642629,-111.91544862432058,17.934344455870388,-78.5627131924939
57.66,22289.517198743488,-867.9921733564306,88.20345412656819,-96.49976329289552,-36.87835752972262,-151.88568419442345
57.709,22133.39026372317,-875.8966434576471,108.63723796198389,-77.680683575082,-90.0967440946551,44.23653081614066
57.725,22760.51315790572,-882.6089712110229,126.82922833542253,-57.68869058557392,-118.64689048762108,141.8347635344071
57.773,22055.98617267444,-888.1501466856093,141.9923095675009,-38.33370337821674,-99.71227126161071,68.2847088978715
57.932,21841.767053814776,-892.597577309075,153.38311479800473,-21.11882199074316,-41.38852199411329,-372.74736610981563
57.932,22125.589504908265,-896.1725649764246,160.20292191453456,-7.369366393320556,17.90161273857163,103.6017411598541
57.964,21921.786298964777,-899.1245319537261,161.80557677892273,2.2192806251911428,55.53861870262756,314.433757793071
57.98,22018.32348326725,-901.658489967276,157.82997850130414,7.802450267813356,76.42963698461614,-178.4861753016994
58.012,21856.42979817745,-903.964093138272,148.1661858006526,10.188997565967753,90.98293991310652,27.488511520059546
58.012,22018.234076289427,-906.2179030656845,132.95108741401353,10.64875477934595,103.48910338585503,-18.86955927922827
58.044,21950.64240105658,-908.5615278461341,112.58952344501944,10.741220519862729,112.15751110919106,-45.26356550901892
58.109,21909.15756334753,-911.1006159891731,87.73283153479017,12.05442411589003,110.41863531997592,22.425776867865352
58.173,22127.087071786773,-913.9105534857995,59.23791529333081,15.932602756885183,91.35151491440462,-28.381543005622007
58.462,22479.954061502704,-916.9800933166647,28.210792749990482,23.422265918775963,60.0125386074142,178.25783752965344
58.494,22149.483519730988,-920.184015886676,-4.004649466716808,35.16236466654568,29.578013600631323,-102.44281848705486
58.527,22177.73612472249,-923.3835040145999,-36.036689934412024,50.95719292594689,-1.4181513425736796,-248.04408803425122
58.527,22193.650566774675,-926.4969659722989,-66.64666972798564,69.57338367106719,-46.359408425422544,109.31494556417965
58.559,22223.06546247785,-929.4632462754132,-94.71894987230402,89.00605463649708,-105.21996507640162,98.68802110095021
58.575,22460.329229870946,-932.1948142129534,-119.22982400113283,106.869116281043,-156.80932126065514,63.015318696960094
58.575,22254.06733203737,-934.5672998002631,-139.26695310879458,120.71773795042873,-174.51232675526154,16.702165481907286
58.591,22431.38372080132,-936.4519298539477,-154.10737417274456,128.25248896927764,-148.49134384916337,-133.70045532832683
58.607,22105.964673276507,-937.7558073165669,-163.2972330994094,127.4969951489728,-93.01642274819318,-27.931408776604258
58.655,22165.979107139006,-938.4505611113511,-166.70068783479047,116.99289794473688,-35.805466980811104,-28.916882005482876
58.655,22159.1841768246,-938.565607947513,-164.4815632668234,96.0576578666178,2.2171087275939385,80.13436269497834
58.655,22110.636187867665,-938.1466336960133,-157.02174562735624,65.06181648351875,20.942233158848495,104.90348272887604
58.655,22272.284003768447,-937.2315012849642,-144.8595293429472,25.529408200625905,34.97407422056156,-34.880954416150416
58.655,22184.463999803545,-935.8364664636375,-128.64012872649963,-19.930029659779162,58.79476016703941,23.587632249289527
58.655,22320.384957836268,-933.9547300221935,-109.083365828359,-67.85439369633086,94.52702076409358,-72.30856001543088
58.671,22055.785006974344,-931.5815279430136,-86.99029313419226,-114.33623254063544,127.79769953226293,-76.26140146602665
58.703,22267.321916499368,-928.7379755645172,-63.24583467199878,-155.4688597496956,137.04427984258584,15.739628071435618
58.703,22096.19696094953,-925.4615991635299,-38.76952579794654,-187.68920212219476,111.06860724495724,51.74395560657376
58.703,22108.870400055697,-921.7984144963863,-14.469209960701546,-208.0916271859685,56.35439278645251,9.608545561399296
58.719,22276.21791079258,-917.7984007889952,8.797736110568604,-214.6895840289955,-7.5877731937096655,31.003964775488384
58.751,22035.64608522011,-913.4967128327019,30.280404939939345,-206.55144180387504,-57.41168153237726,23.401567375156446
58.776,22025.78896591532,-908.9426516207767,49.31324649731294,-183.9810423029865,-82.14386224969405,-139.39398350491865
58.776,22102.09782148574,-904.219422005162,65.30559087906457,-148.54841632216738,-86.08695861604727,61.154774343383906
58.808,22099.14739121764,-899.4011598349281,77.82152579141676,-102.81746484912091,-75.26102184814872,91.80894661308139
59.609,22378.32067946442,-894.511503951114,86.64903066722152,-50.00618179296133,-50.983478532624844,-12.413013456060071
59.609,22116.29117921486,-889.5193618620636,91.80264057053158,6.277628155166326,-15.333814272740796,-6.247458150794955
59.634,22369.08940900438,-884.3749907217401,93.45691213613424,62.20222235395021,20.987696071606592,-119.63021218512404
59.634,22017.250599533392,-879.0453106016457,91.87687262996016,113.90227379564377,41.48252283357735,-7.484311033439553
59.693,22435.027055147537,-873.5151184275437,87.39845397254425,157.7812532814377,36.563071624592766,54.45971768933214
59.693,22192.57768304082,-867.7573302990967,80.4538611178799,190.8821596464145,13.222865879031957,66.16005084495555
